subject,stim,mixture,render,target,side,li
0001,classique_morceau1_duo_CoFl_theme1_stereo_Co,classique_morceau1_CoFl_theme1,stereo,Co,-1.0,-0.5001038676565743
0001,classique_morceau1_duo_CoFl_theme1_stereo_Fl,classique_morceau1_CoFl_theme1,stereo,Fl,1.0,0.8251635295135173
0001,classique_morceau1_duo_CoOb_theme1_stereo_Co,classique_morceau1_CoOb_theme1,stereo,Co,-1.0,-1.0449178763033204
0001,classique_morceau1_duo_CoOb_theme2_stereo_Ob,classique_morceau1_CoOb_theme2,stereo,Ob,-1.0,-0.5377895925528593
0001,classique_morceau1_duo_FlOb_theme1_stereo_Fl,classique_morceau1_FlOb_theme1,stereo,Fl,-1.0,-0.6544873820753061
0001,classique_morceau1_duo_FlOb_theme2_stereo_Ob,classique_morceau1_FlOb_theme2,stereo,Ob,-1.0,-0.706918520500782
0001,classique_morceau2_duo_BoFh_theme1_stereo_Fh,classique_morceau2_BoFh_theme1,stereo,Fh,1.0,0.7263795820462473
0001,classique_morceau2_duo_BoFh_theme2_stereo_Bo,classique_morceau2_BoFh_theme2,stereo,Bo,1.0,0.6830590784991237
0001,classique_morceau2_duo_BoFl_theme1_stereo_Fl,classique_morceau2_BoFl_theme1,stereo,Fl,1.0,0.6959145881832889
0001,classique_morceau2_duo_BoFl_theme2_stereo_Bo,classique_morceau2_BoFl_theme2,stereo,Bo,1.0,0.6821130371977189
0001,classique_morceau2_duo_FhFl_theme2_stereo_Fh,classique_morceau2_FhFl_theme2,stereo,Fh,-1.0,-0.592157318971771
0001,classique_morceau2_duo_FhFl_theme2_stereo_Fl,classique_morceau2_FhFl_theme2,stereo,Fl,1.0,0.7100038117716867
0001,pop_falldead_duo_BsDr_theme1_stereo_Bs,pop_falldead_BsDr_theme1,stereo,Bs,-1.0,-0.6284023815846016
0001,pop_falldead_duo_BsDr_theme1_stereo_Dr,pop_falldead_BsDr_theme1,stereo,Dr,1.0,0.8411500111595727
0001,pop_falldead_duo_GtVx_theme1_stereo_Gt,pop_falldead_GtVx_theme1,stereo,Gt,-1.0,-0.6471511506867262
0001,pop_falldead_duo_GtVx_theme1_stereo_Vx,pop_falldead_GtVx_theme1,stereo,Vx,1.0,0.6867596246127299
0001,pop_mixtape_duo_BsDr_theme1_stereo_Bs,pop_mixtape_BsDr_theme1,stereo,Bs,-1.0,-0.5035538175108156
0001,pop_mixtape_duo_BsDr_theme2_stereo_Dr,pop_mixtape_BsDr_theme2,stereo,Dr,1.0,0.7533109697315101
0001,pop_mixtape_duo_GtVx_theme1_stereo_Gt,pop_mixtape_GtVx_theme1,stereo,Gt,1.0,0.7571911795964859
0001,pop_mixtape_duo_GtVx_theme1_stereo_Vx,pop_mixtape_GtVx_theme1,stereo,Vx,0.0,-0.05787681697906688
0002,classique_morceau1_duo_CoFl_theme1_stereo_Co,classique_morceau1_CoFl_theme1,stereo,Co,-1.0,-0.4666507765874863
0002,classique_morceau1_duo_CoFl_theme2_stereo_Fl,classique_morceau1_CoFl_theme2,stereo,Fl,-1.0,-0.8703833295799148
0002,classique_morceau1_duo_CoOb_theme2_stereo_Co,classique_morceau1_CoOb_theme2,stereo,Co,1.0,0.7543973486668571
0002,classique_morceau1_duo_CoOb_theme2_stereo_Ob,classique_morceau1_CoOb_theme2,stereo,Ob,-1.0,-0.39901431459101655
0002,classique_morceau1_duo_FlOb_theme1_stereo_Fl,classique_morceau1_FlOb_theme1,stereo,Fl,-1.0,-0.4172853646027548
0002,classique_morceau1_duo_FlOb_theme2_stereo_Ob,classique_morceau1_FlOb_theme2,stereo,Ob,-1.0,-0.5193063073766151
0002,classique_morceau2_duo_BoFh_theme2_stereo_Bo,classique_morceau2_BoFh_theme2,stereo,Bo,1.0,0.7123372605803429
0002,classique_morceau2_duo_BoFh_theme2_stereo_Fh,classique_morceau2_BoFh_theme2,stereo,Fh,-1.0,-0.4334752878646402
0002,classique_morceau2_duo_BoFl_theme2_stereo_Bo,classique_morceau2_BoFl_theme2,stereo,Bo,1.0,0.7168251926250244
0002,classique_morceau2_duo_BoFl_theme2_stereo_Fl,classique_morceau2_BoFl_theme2,stereo,Fl,-1.0,-0.5196715885162764
0002,classique_morceau2_duo_FhFl_theme1_stereo_Fh,classique_morceau2_FhFl_theme1,stereo,Fh,-1.0,-0.35370174863494963
0002,classique_morceau2_duo_FhFl_theme1_stereo_Fl,classique_morceau2_FhFl_theme1,stereo,Fl,1.0,0.8193717682331076
0002,pop_falldead_duo_BsDr_theme1_stereo_Bs,pop_falldead_BsDr_theme1,stereo,Bs,-1.0,-0.5162278312535893
0002,pop_falldead_duo_BsDr_theme1_stereo_Dr,pop_falldead_BsDr_theme1,stereo,Dr,1.0,0.8361600254066346
0002,pop_falldead_duo_GtVx_theme1_stereo_Gt,pop_falldead_GtVx_theme1,stereo,Gt,-1.0,-0.3368519341654119
0002,pop_falldead_duo_GtVx_theme1_stereo_Vx,pop_falldead_GtVx_theme1,stereo,Vx,1.0,1.0578904626147843
0002,pop_mixtape_duo_BsDr_theme1_stereo_Bs,pop_mixtape_BsDr_theme1,stereo,Bs,-1.0,-0.2957930287731596
0002,pop_mixtape_duo_BsDr_theme2_stereo_Dr,pop_mixtape_BsDr_theme2,stereo,Dr,1.0,0.9986530453105456
0002,pop_mixtape_duo_GtVx_theme1_stereo_Gt,pop_mixtape_GtVx_theme1,stereo,Gt,1.0,0.9497497662565211
0002,pop_mixtape_duo_GtVx_theme2_stereo_Vx,pop_mixtape_GtVx_theme2,stereo,Vx,-1.0,-0.2635432507661051
0003,classique_morceau1_duo_CoFl_theme2_stereo_Co,classique_morceau1_CoFl_theme2,stereo,Co,1.0,1.033848446640409
0003,classique_morceau1_duo_CoFl_theme2_stereo_Fl,classique_morceau1_CoFl_theme2,stereo,Fl,-1.0,-0.41526694216328774
0003,classique_morceau1_duo_CoOb_theme1_stereo_Co,classique_morceau1_CoOb_theme1,stereo,Co,-1.0,-0.4525892903397297
0003,classique_morceau1_duo_CoOb_theme2_stereo_Ob,classique_morceau1_CoOb_theme2,stereo,Ob,-1.0,-0.5209242328294366
0003,classique_morceau1_duo_FlOb_theme1_stereo_Fl,classique_morceau1_FlOb_theme1,stereo,Fl,-1.0,-0.4413970369494091
0003,classique_morceau1_duo_FlOb_theme2_stereo_Ob,classique_morceau1_FlOb_theme2,stereo,Ob,-1.0,-0.1958122490401335
0003,classique_morceau2_duo_BoFh_theme1_stereo_Fh,classique_morceau2_BoFh_theme1,stereo,Fh,1.0,1.0196025204294603
0003,classique_morceau2_duo_BoFh_theme2_stereo_Bo,classique_morceau2_BoFh_theme2,stereo,Bo,1.0,0.9245603365132453
0003,classique_morceau2_duo_BoFl_theme2_stereo_Bo,classique_morceau2_BoFl_theme2,stereo,Bo,1.0,0.8680257011394819
0003,classique_morceau2_duo_BoFl_theme2_stereo_Fl,classique_morceau2_BoFl_theme2,stereo,Fl,-1.0,-0.5639666878308924
0003,classique_morceau2_duo_FhFl_theme1_stereo_Fh,classique_morceau2_FhFl_theme1,stereo,Fh,-1.0,-0.4474215237050254
0003,classique_morceau2_duo_FhFl_theme1_stereo_Fl,classique_morceau2_FhFl_theme1,stereo,Fl,1.0,0.8788402127745192
0003,pop_falldead_duo_BsDr_theme1_stereo_Bs,pop_falldead_BsDr_theme1,stereo,Bs,-1.0,-0.3076616516044277
0003,pop_falldead_duo_BsDr_theme1_stereo_Dr,pop_falldead_BsDr_theme1,stereo,Dr,1.0,0.8272320085640024
0003,pop_falldead_duo_GtVx_theme1_stereo_Gt,pop_falldead_GtVx_theme1,stereo,Gt,-1.0,-0.4214292474156123
0003,pop_falldead_duo_GtVx_theme1_stereo_Vx,pop_falldead_GtVx_theme1,stereo,Vx,1.0,0.9374891736147166
0003,pop_mixtape_duo_BsDr_theme1_stereo_Bs,pop_mixtape_BsDr_theme1,stereo,Bs,-1.0,0.28248987648124047
0003,pop_mixtape_duo_BsDr_theme1_stereo_Dr,pop_mixtape_BsDr_theme1,stereo,Dr,1.0,0.8564336975558904
0003,pop_mixtape_duo_GtVx_theme1_stereo_Vx,pop_mixtape_GtVx_theme1,stereo,Vx,0.0,0.3378395504147207
0003,pop_mixtape_duo_GtVx_theme2_stereo_Gt,pop_mixtape_GtVx_theme2,stereo,Gt,1.0,0.7144387751566503
0004,classique_morceau1_duo_CoFl_theme1_stereo_Co,classique_morceau1_CoFl_theme1,stereo,Co,-1.0,-0.6169283567600097
0004,classique_morceau1_duo_CoFl_theme1_stereo_Fl,classique_morceau1_CoFl_theme1,stereo,Fl,1.0,0.6867825387662085
0004,classique_morceau1_duo_CoOb_theme1_stereo_Co,classique_morceau1_CoOb_theme1,stereo,Co,-1.0,-0.6441503330574889
0004,classique_morceau1_duo_CoOb_theme2_stereo_Ob,classique_morceau1_CoOb_theme2,stereo,Ob,-1.0,-0.48692149939434337
0004,classique_morceau1_duo_FlOb_theme1_stereo_Fl,classique_morceau1_FlOb_theme1,stereo,Fl,-1.0,-0.2040368171033924
0004,classique_morceau1_duo_FlOb_theme2_stereo_Ob,classique_morceau1_FlOb_theme2,stereo,Ob,-1.0,-0.4846968767857316
0004,classique_morceau2_duo_BoFh_theme1_stereo_Fh,classique_morceau2_BoFh_theme1,stereo,Fh,1.0,0.6971632540951935
0004,classique_morceau2_duo_BoFh_theme2_stereo_Bo,classique_morceau2_BoFh_theme2,stereo,Bo,1.0,0.7208555765325828
0004,classique_morceau2_duo_BoFl_theme1_stereo_Fl,classique_morceau2_BoFl_theme1,stereo,Fl,1.0,0.7286049070317118
0004,classique_morceau2_duo_BoFl_theme2_stereo_Bo,classique_morceau2_BoFl_theme2,stereo,Bo,1.0,0.8786002187259543
0004,classique_morceau2_duo_FhFl_theme2_stereo_Fh,classique_morceau2_FhFl_theme2,stereo,Fh,-1.0,-0.3658153016728889
0004,classique_morceau2_duo_FhFl_theme2_stereo_Fl,classique_morceau2_FhFl_theme2,stereo,Fl,1.0,0.7776164104564431
0004,pop_falldead_duo_BsDr_theme1_stereo_Bs,pop_falldead_BsDr_theme1,stereo,Bs,-1.0,-0.5453604918988582
0004,pop_falldead_duo_BsDr_theme1_stereo_Dr,pop_falldead_BsDr_theme1,stereo,Dr,1.0,0.6858710367906138
0004,pop_falldead_duo_GtVx_theme1_stereo_Gt,pop_falldead_GtVx_theme1,stereo,Gt,-1.0,-0.7541176306386141
0004,pop_falldead_duo_GtVx_theme1_stereo_Vx,pop_falldead_GtVx_theme1,stereo,Vx,1.0,1.0323302843066724
0004,pop_mixtape_duo_BsDr_theme1_stereo_Bs,pop_mixtape_BsDr_theme1,stereo,Bs,-1.0,-0.5730622522140161
0004,pop_mixtape_duo_BsDr_theme2_stereo_Dr,pop_mixtape_BsDr_theme2,stereo,Dr,1.0,0.8665981396055074
0004,pop_mixtape_duo_GtVx_theme1_stereo_Gt,pop_mixtape_GtVx_theme1,stereo,Gt,1.0,0.6331019450571578
0004,pop_mixtape_duo_GtVx_theme1_stereo_Vx,pop_mixtape_GtVx_theme1,stereo,Vx,0.0,-0.028016543942976924
0005,classique_morceau1_duo_CoFl_theme1_stereo_Fl,classique_morceau1_CoFl_theme1,stereo,Fl,1.0,0.5126492872029313
0005,classique_morceau1_duo_CoFl_theme2_stereo_Co,classique_morceau1_CoFl_theme2,stereo,Co,1.0,0.4837956903993019
0005,classique_morceau1_duo_CoOb_theme2_stereo_Co,classique_morceau1_CoOb_theme2,stereo,Co,1.0,0.3384812270517328
0005,classique_morceau1_duo_CoOb_theme2_stereo_Ob,classique_morceau1_CoOb_theme2,stereo,Ob,-1.0,-0.6535082918915007
0005,classique_morceau1_duo_FlOb_theme1_stereo_Fl,classique_morceau1_FlOb_theme1,stereo,Fl,-1.0,-0.8476365293003587
0005,classique_morceau1_duo_FlOb_theme1_stereo_Ob,classique_morceau1_FlOb_theme1,stereo,Ob,1.0,0.5296060423314186
0005,classique_morceau2_duo_BoFh_theme1_stereo_Bo,classique_morceau2_BoFh_theme1,stereo,Bo,-1.0,-0.7216318462530378
0005,classique_morceau2_duo_BoFh_theme2_stereo_Fh,classique_morceau2_BoFh_theme2,stereo,Fh,-1.0,-0.9202427207522916
0005,classique_morceau2_duo_BoFl_theme1_stereo_Bo,classique_morceau2_BoFl_theme1,stereo,Bo,-1.0,-0.9035105530969654
0005,classique_morceau2_duo_BoFl_theme1_stereo_Fl,classique_morceau2_BoFl_theme1,stereo,Fl,1.0,0.5346166706314621
0005,classique_morceau2_duo_FhFl_theme1_stereo_Fh,classique_morceau2_FhFl_theme1,stereo,Fh,-1.0,-0.7999172582515817
0005,classique_morceau2_duo_FhFl_theme1_stereo_Fl,classique_morceau2_FhFl_theme1,stereo,Fl,1.0,0.5065008057752074
0005,pop_falldead_duo_BsDr_theme1_stereo_Bs,pop_falldead_BsDr_theme1,stereo,Bs,-1.0,-0.6686906912654402
0005,pop_falldead_duo_BsDr_theme1_stereo_Dr,pop_falldead_BsDr_theme1,stereo,Dr,1.0,0.53625932366195
0005,pop_falldead_duo_GtVx_theme1_stereo_Gt,pop_falldead_GtVx_theme1,stereo,Gt,-1.0,-0.673633392747198
0005,pop_falldead_duo_GtVx_theme1_stereo_Vx,pop_falldead_GtVx_theme1,stereo,Vx,1.0,0.4505015114175501
0005,pop_mixtape_duo_BsDr_theme2_stereo_Bs,pop_mixtape_BsDr_theme2,stereo,Bs,-1.0,-0.6769827781800011
0005,pop_mixtape_duo_BsDr_theme2_stereo_Dr,pop_mixtape_BsDr_theme2,stereo,Dr,1.0,0.49363444932512834
0005,pop_mixtape_duo_GtVx_theme2_stereo_Gt,pop_mixtape_GtVx_theme2,stereo,Gt,1.0,0.3789265317072088
0005,pop_mixtape_duo_GtVx_theme2_stereo_Vx,pop_mixtape_GtVx_theme2,stereo,Vx,-1.0,-0.775289507926785
0007,classique_morceau1_duo_CoFl_theme2_stereo_Co,classique_morceau1_CoFl_theme2,stereo,Co,1.0,1.2455879935640537
0007,classique_morceau1_duo_CoFl_theme2_stereo_Fl,classique_morceau1_CoFl_theme2,stereo,Fl,-1.0,-0.04815505917914642
0007,classique_morceau1_duo_CoOb_theme1_stereo_Co,classique_morceau1_CoOb_theme1,stereo,Co,-1.0,-0.10871222760044574
0007,classique_morceau1_duo_CoOb_theme1_stereo_Ob,classique_morceau1_CoOb_theme1,stereo,Ob,1.0,1.1325072108204397
0007,classique_morceau1_duo_FlOb_theme1_stereo_Fl,classique_morceau1_FlOb_theme1,stereo,Fl,-1.0,0.1716786245085311
0007,classique_morceau1_duo_FlOb_theme1_stereo_Ob,classique_morceau1_FlOb_theme1,stereo,Ob,1.0,1.0893231261016192
0007,classique_morceau2_duo_BoFh_theme2_stereo_Bo,classique_morceau2_BoFh_theme2,stereo,Bo,1.0,1.1119607642532676
0007,classique_morceau2_duo_BoFh_theme2_stereo_Fh,classique_morceau2_BoFh_theme2,stereo,Fh,-1.0,-0.21916069971383667
0007,classique_morceau2_duo_BoFl_theme2_stereo_Fl,classique_morceau2_BoFl_theme2,stereo,Fl,-1.0,-0.1320836327650854
0007,classique_morceau2_duo_FhFl_theme2_stereo_Fl,classique_morceau2_FhFl_theme2,stereo,Fl,1.0,0.7526753812509597
0007,pop_mixtape_duo_BsDr_theme1_stereo_Bs,pop_mixtape_BsDr_theme1,stereo,Bs,-1.0,-0.07965869837483552
0007,pop_mixtape_duo_BsDr_theme1_stereo_Dr,pop_mixtape_BsDr_theme1,stereo,Dr,1.0,1.0937094753452303
0007,pop_mixtape_duo_GtVx_theme1_stereo_Vx,pop_mixtape_GtVx_theme1,stereo,Vx,0.0,0.41543313268586246
0007,pop_mixtape_duo_GtVx_theme2_stereo_Gt,pop_mixtape_GtVx_theme2,stereo,Gt,1.0,1.038717593122528
0008,classique_morceau1_duo_CoFl_theme1_stereo_Co,classique_morceau1_CoFl_theme1,stereo,Co,-1.0,-0.6359795408634836
0008,classique_morceau1_duo_CoFl_theme2_stereo_Fl,classique_morceau1_CoFl_theme2,stereo,Fl,-1.0,-0.5630276771353797
0008,classique_morceau1_duo_CoOb_theme1_stereo_Co,classique_morceau1_CoOb_theme1,stereo,Co,-1.0,-0.5168557203134592
0008,classique_morceau1_duo_CoOb_theme2_stereo_Ob,classique_morceau1_CoOb_theme2,stereo,Ob,-1.0,-0.4264895916870586
0008,classique_morceau1_duo_FlOb_theme2_stereo_Fl,classique_morceau1_FlOb_theme2,stereo,Fl,1.0,0.7017934083295785
0008,classique_morceau1_duo_FlOb_theme2_stereo_Ob,classique_morceau1_FlOb_theme2,stereo,Ob,-1.0,-0.5456194539959656
0008,classique_morceau2_duo_BoFh_theme1_stereo_Bo,classique_morceau2_BoFh_theme1,stereo,Bo,-1.0,-0.349849966026027
0008,classique_morceau2_duo_BoFh_theme1_stereo_Fh,classique_morceau2_BoFh_theme1,stereo,Fh,1.0,0.6054318039154536
0008,classique_morceau2_duo_BoFl_theme1_stereo_Fl,classique_morceau2_BoFl_theme1,stereo,Fl,1.0,0.4920889146465699
0008,classique_morceau2_duo_BoFl_theme2_stereo_Bo,classique_morceau2_BoFl_theme2,stereo,Bo,1.0,0.6549494770325577
0008,classique_morceau2_duo_FhFl_theme1_stereo_Fh,classique_morceau2_FhFl_theme1,stereo,Fh,-1.0,-0.7782919805068307
0008,classique_morceau2_duo_FhFl_theme1_stereo_Fl,classique_morceau2_FhFl_theme1,stereo,Fl,1.0,0.3783046956624201
0008,pop_falldead_duo_BsDr_theme1_stereo_Bs,pop_falldead_BsDr_theme1,stereo,Bs,-1.0,-0.3893897936226587
0008,pop_falldead_duo_BsDr_theme1_stereo_Dr,pop_falldead_BsDr_theme1,stereo,Dr,1.0,0.8939645081363556
0008,pop_falldead_duo_GtVx_theme1_stereo_Gt,pop_falldead_GtVx_theme1,stereo,Gt,-1.0,-0.6545671019433721
0008,pop_falldead_duo_GtVx_theme1_stereo_Vx,pop_falldead_GtVx_theme1,stereo,Vx,1.0,0.8127287707443962
0008,pop_mixtape_duo_BsDr_theme1_stereo_Bs,pop_mixtape_BsDr_theme1,stereo,Bs,-1.0,-0.8301100183563239
0008,pop_mixtape_duo_BsDr_theme2_stereo_Dr,pop_mixtape_BsDr_theme2,stereo,Dr,1.0,0.7827798692056058
0008,pop_mixtape_duo_GtVx_theme1_stereo_Gt,pop_mixtape_GtVx_theme1,stereo,Gt,1.0,1.05822358294649
0008,pop_mixtape_duo_GtVx_theme1_stereo_Vx,pop_mixtape_GtVx_theme1,stereo,Vx,0.0,-0.06887068885691328
0009,classique_morceau1_duo_CoFl_theme1_stereo_Co,classique_morceau1_CoFl_theme1,stereo,Co,-1.0,-0.2886173017301914
0009,classique_morceau1_duo_CoFl_theme1_stereo_Fl,classique_morceau1_CoFl_theme1,stereo,Fl,1.0,0.9571290872391494
0009,classique_morceau1_duo_CoOb_theme1_stereo_Ob,classique_morceau1_CoOb_theme1,stereo,Ob,1.0,1.102423902783218
0009,classique_morceau1_duo_CoOb_theme2_stereo_Co,classique_morceau1_CoOb_theme2,stereo,Co,1.0,0.8682998138135689
0009,classique_morceau1_duo_FlOb_theme1_stereo_Ob,classique_morceau1_FlOb_theme1,stereo,Ob,1.0,1.0937045656881539
0009,classique_morceau1_duo_FlOb_theme2_stereo_Fl,classique_morceau1_FlOb_theme2,stereo,Fl,1.0,1.1154629199327735
0009,classique_morceau2_duo_BoFh_theme2_stereo_Bo,classique_morceau2_BoFh_theme2,stereo,Bo,1.0,1.257198359844982
0009,classique_morceau2_duo_BoFh_theme2_stereo_Fh,classique_morceau2_BoFh_theme2,stereo,Fh,-1.0,-0.04972877166452516
0009,classique_morceau2_duo_BoFl_theme1_stereo_Bo,classique_morceau2_BoFl_theme1,stereo,Bo,-1.0,-0.328804027095126
0009,classique_morceau2_duo_BoFl_theme2_stereo_Fl,classique_morceau2_BoFl_theme2,stereo,Fl,-1.0,-0.5124593218881897
0009,classique_morceau2_duo_FhFl_theme2_stereo_Fh,classique_morceau2_FhFl_theme2,stereo,Fh,-1.0,-0.26821149435200287
0009,classique_morceau2_duo_FhFl_theme2_stereo_Fl,classique_morceau2_FhFl_theme2,stereo,Fl,1.0,1.225140528376624
0009,pop_falldead_duo_BsDr_theme1_stereo_Bs,pop_falldead_BsDr_theme1,stereo,Bs,-1.0,-0.22237348294803727
0009,pop_falldead_duo_BsDr_theme1_stereo_Dr,pop_falldead_BsDr_theme1,stereo,Dr,1.0,0.9575324363990569
0009,pop_falldead_duo_GtVx_theme1_stereo_Gt,pop_falldead_GtVx_theme1,stereo,Gt,-1.0,-0.5092084238236572
0009,pop_falldead_duo_GtVx_theme1_stereo_Vx,pop_falldead_GtVx_theme1,stereo,Vx,1.0,0.9584732769412909
0009,pop_mixtape_duo_BsDr_theme2_stereo_Bs,pop_mixtape_BsDr_theme2,stereo,Bs,-1.0,0.0018126799072701871
0009,pop_mixtape_duo_BsDr_theme2_stereo_Dr,pop_mixtape_BsDr_theme2,stereo,Dr,1.0,0.9549409618876377
0009,pop_mixtape_duo_GtVx_theme1_stereo_Gt,pop_mixtape_GtVx_theme1,stereo,Gt,1.0,1.1229728691224983
0009,pop_mixtape_duo_GtVx_theme2_stereo_Vx,pop_mixtape_GtVx_theme2,stereo,Vx,-1.0,-0.3375106804306185
