subject,mixture,render,target_a,target_b,side_a,side_b,li_a,li_b,correct
0001,classique_morceau1_CoFl_theme1,stereo,Co,Fl,-1.0,1.0,-0.05977982791818626,0.3829063409263318,1
0001,classique_morceau2_FhFl_theme2,stereo,Fh,Fl,-1.0,1.0,-0.14789785272864986,0.26851510423823655,1
0001,pop_falldead_BsDr_theme1,stereo,Bs,Dr,-1.0,1.0,-0.18369289598931005,0.3886770675233855,1
0001,pop_falldead_GtVx_theme1,stereo,Gt,Vx,-1.0,1.0,-0.1988869761623402,0.2625584768068485,1
0002,classique_morceau1_CoOb_theme2,stereo,Co,Ob,1.0,-1.0,0.31700611190890005,0.037710019711241216,1
0002,classique_morceau2_BoFh_theme2,stereo,Bo,Fh,1.0,-1.0,0.25315872019628927,0.005534007430411769,1
0002,classique_morceau2_BoFl_theme2,stereo,Bo,Fl,1.0,-1.0,0.28391729138856814,-0.07344753525752346,1
0002,classique_morceau2_FhFl_theme1,stereo,Fh,Fl,-1.0,1.0,0.08255032438677556,0.3797468099649768,1
0002,pop_falldead_BsDr_theme1,stereo,Bs,Dr,-1.0,1.0,-0.07581015846699657,0.39606258276372586,1
0002,pop_falldead_GtVx_theme1,stereo,Gt,Vx,-1.0,1.0,0.1018980992602998,0.6163162416925259,1
0003,classique_morceau1_CoFl_theme2,stereo,Co,Fl,1.0,-1.0,0.5877565593011695,0.026163697783665008,1
0003,classique_morceau2_BoFl_theme2,stereo,Bo,Fl,1.0,-1.0,0.4464442097274741,-0.12472712952054366,1
0003,classique_morceau2_FhFl_theme1,stereo,Fh,Fl,-1.0,1.0,-0.006704746103340931,0.43378357432503023,1
0003,pop_falldead_BsDr_theme1,stereo,Bs,Dr,-1.0,1.0,0.1363908398808924,0.3930366650808983,1
0003,pop_falldead_GtVx_theme1,stereo,Gt,Vx,-1.0,1.0,0.012331535815772732,0.4870270703871844,1
0003,pop_mixtape_BsDr_theme1,stereo,Bs,Dr,-1.0,1.0,0.7215452198284433,0.41743491944871813,0
0004,classique_morceau1_CoFl_theme1,stereo,Co,Fl,-1.0,1.0,-0.17393777038864222,0.24726574393528722,1
0004,classique_morceau2_FhFl_theme2,stereo,Fh,Fl,-1.0,1.0,0.0547792982821953,0.34798883210741316,1
0004,pop_falldead_BsDr_theme1,stereo,Bs,Dr,-1.0,1.0,-0.102720884263241,0.2503641924320599,1
0004,pop_falldead_GtVx_theme1,stereo,Gt,Vx,-1.0,1.0,-0.31095307177066633,0.5793016952824859,1
0005,classique_morceau1_CoOb_theme2,stereo,Co,Ob,1.0,-1.0,-0.08880140752472254,-0.21382721990099363,1
0005,classique_morceau1_FlOb_theme1,stereo,Fl,Ob,-1.0,1.0,-0.42364097541473633,0.0956259172611098,1
0005,classique_morceau2_BoFl_theme1,stereo,Bo,Fl,-1.0,1.0,-0.4529214618056514,0.09380367989600558,1
0005,classique_morceau2_FhFl_theme1,stereo,Fh,Fl,-1.0,1.0,-0.36074439715475215,0.07272081117949813,1
0005,pop_falldead_BsDr_theme1,stereo,Bs,Dr,-1.0,1.0,-0.2508310870813375,0.09705113992048364,1
0005,pop_falldead_GtVx_theme1,stereo,Gt,Vx,-1.0,1.0,-0.2225164674851925,0.01824494647694852,1
0005,pop_mixtape_BsDr_theme2,stereo,Bs,Dr,-1.0,1.0,-0.23977967583707294,0.06496119798547006,1
0005,pop_mixtape_GtVx_theme2,stereo,Gt,Vx,1.0,-1.0,-0.05199267072864355,-0.33956323319455883,1
0007,classique_morceau1_CoFl_theme2,stereo,Co,Fl,1.0,-1.0,0.7995581888891259,0.3840282583266523,1
0007,classique_morceau1_CoOb_theme1,stereo,Co,Ob,-1.0,1.0,0.3221676160974516,0.6965526896013534,1
0007,classique_morceau1_FlOb_theme1,stereo,Fl,Ob,-1.0,1.0,0.6015925891997203,0.6620604258460858,1
0007,classique_morceau2_BoFh_theme2,stereo,Bo,Fh,1.0,-1.0,0.6702017028061169,0.21775788859407097,1
0007,pop_mixtape_BsDr_theme1,stereo,Bs,Dr,-1.0,1.0,0.35681634544859975,0.6548269068874255,1
0008,classique_morceau1_FlOb_theme2,stereo,Fl,Ob,1.0,-1.0,0.2704380657330958,-0.12673643356240127,1
0008,classique_morceau2_BoFh_theme1,stereo,Bo,Fh,-1.0,1.0,0.08781896633434272,0.16695094863707993,1
0008,classique_morceau2_FhFl_theme1,stereo,Fh,Fl,-1.0,1.0,-0.3400088371138832,-0.05866467131698716,1
0008,pop_falldead_BsDr_theme1,stereo,Bs,Dr,-1.0,1.0,0.05222328466579107,0.45502787673316547,1
0008,pop_falldead_GtVx_theme1,stereo,Gt,Vx,-1.0,1.0,-0.2190765671335333,0.3736229608255224,1
0009,classique_morceau1_CoFl_theme1,stereo,Co,Fl,-1.0,1.0,0.14948715351603603,0.5303333542907991,1
0009,classique_morceau2_BoFh_theme2,stereo,Bo,Fh,1.0,-1.0,0.8136642467899131,0.379057804115809,1
0009,classique_morceau2_FhFl_theme2,stereo,Fh,Fl,-1.0,1.0,0.16548535799738318,0.7814508606222157,1
0009,pop_falldead_BsDr_theme1,stereo,Bs,Dr,-1.0,1.0,0.22209808876240622,0.5256306876111099,1
0009,pop_falldead_GtVx_theme1,stereo,Gt,Vx,-1.0,1.0,-0.0675617403203832,0.5377116777848077,1
0009,pop_mixtape_BsDr_theme2,stereo,Bs,Dr,-1.0,1.0,0.4272851089961254,0.5169249422835085,1
