subject,stim,ensemble,target_idx,n_present,pred,correct,r_attended,r_best_unattended,inner_val_r,fold,target_instr,pred_instr
0001,classique_morceau1_duo_CoFl_theme1_stereo_Co,duo,0,2,0,1,0.1478913010393797,0.03180379090720968,0.04485906441045931,-1,Co,Co
0001,classique_morceau1_duo_CoFl_theme1_stereo_Fl,duo,1,2,0,0,0.09722259758198216,0.14331495191927685,0.04485906441045931,-1,Fl,Co
0001,classique_morceau1_duo_CoOb_theme1_stereo_Co,duo,0,2,1,0,0.02801079117302145,0.09074246721853943,0.04485906441045931,-1,Co,Ob
0001,classique_morceau1_duo_CoOb_theme2_stereo_Ob,duo,1,2,0,0,-0.015724270265507344,0.10016949171362474,0.04485906441045931,-1,Ob,Co
0001,classique_morceau1_duo_FlOb_theme1_stereo_Fl,duo,0,2,0,1,0.002709925018359066,-0.014908993660542038,0.04485906441045931,-1,Fl,Fl
0001,classique_morceau1_duo_FlOb_theme2_stereo_Ob,duo,1,2,0,0,-0.009171554594263089,0.002859255436296051,0.04485906441045931,-1,Ob,Fl
0001,classique_morceau2_duo_BoFh_theme1_stereo_Fh,duo,1,2,1,1,0.07393347478453755,0.02549344671237238,0.04485906441045931,-1,Fh,Fh
0001,classique_morceau2_duo_BoFh_theme2_stereo_Bo,duo,0,2,0,1,0.0011088148267660025,-0.029210549263000592,0.04485906441045931,-1,Bo,Bo
0001,classique_morceau2_duo_BoFl_theme1_stereo_Fl,duo,1,2,1,1,0.0006258959362979988,-0.09217983665343257,0.04485906441045931,-1,Fl,Fl
0001,classique_morceau2_duo_BoFl_theme2_stereo_Bo,duo,0,2,0,1,-0.024624400462993624,-0.03407931462272478,0.04485906441045931,-1,Bo,Bo
0001,classique_morceau2_duo_FhFl_theme2_stereo_Fh,duo,0,2,0,1,0.034965247394328394,-0.041290175176521074,0.04485906441045931,-1,Fh,Fh
0001,classique_morceau2_duo_FhFl_theme2_stereo_Fl,duo,1,2,0,0,0.01643142693354996,0.02602977896925514,0.04485906441045931,-1,Fl,Fh
0001,pop_falldead_duo_BsDr_theme1_stereo_Bs,duo,0,2,0,1,0.047436151672347264,0.009537787353472,0.04485906441045931,-1,Bs,Bs
0001,pop_falldead_duo_BsDr_theme1_stereo_Dr,duo,1,2,1,1,0.15822539804485522,0.044348429117014004,0.04485906441045931,-1,Dr,Dr
0001,pop_falldead_duo_GtVx_theme1_stereo_Gt,duo,0,2,0,1,-0.05434933943865214,-0.05489000093179271,0.04485906441045931,-1,Gt,Gt
0001,pop_falldead_duo_GtVx_theme1_stereo_Vx,duo,1,2,0,0,-0.11299250646421422,-0.020796820176173427,0.04485906441045931,-1,Vx,Gt
0001,pop_mixtape_duo_BsDr_theme1_stereo_Bs,duo,0,2,1,0,-0.024432801745779466,0.038179623526119366,0.04485906441045931,-1,Bs,Dr
0001,pop_mixtape_duo_BsDr_theme2_stereo_Dr,duo,1,2,0,0,-0.043650549367005645,-0.016626765444934903,0.04485906441045931,-1,Dr,Bs
0001,pop_mixtape_duo_GtVx_theme1_stereo_Gt,duo,0,2,0,1,0.1989247044075181,0.14718917364568518,0.04485906441045931,-1,Gt,Gt
0001,pop_mixtape_duo_GtVx_theme1_stereo_Vx,duo,1,2,1,1,-0.06339423878684965,-0.0663943177026813,0.04485906441045931,-1,Vx,Vx
0002,classique_morceau1_duo_CoFl_theme1_stereo_Co,duo,0,2,0,1,0.06033832078776541,-0.043381957032846155,0.020989314912120912,-1,Co,Co
0002,classique_morceau1_duo_CoFl_theme2_stereo_Fl,duo,1,2,0,0,-0.01658600873199858,0.08193717335168729,0.020989314912120912,-1,Fl,Co
0002,classique_morceau1_duo_CoOb_theme2_stereo_Co,duo,0,2,0,1,0.04862968818184612,0.007131575603732232,0.020989314912120912,-1,Co,Co
0002,classique_morceau1_duo_CoOb_theme2_stereo_Ob,duo,1,2,0,0,0.013477521647044965,0.048169283184939855,0.020989314912120912,-1,Ob,Co
0002,classique_morceau1_duo_FlOb_theme1_stereo_Fl,duo,0,2,0,1,0.018047177017497147,-0.05250054274093585,0.020989314912120912,-1,Fl,Fl
0002,classique_morceau1_duo_FlOb_theme2_stereo_Ob,duo,1,2,1,1,0.026240403847733434,-0.10033055048157459,0.020989314912120912,-1,Ob,Ob
0002,classique_morceau2_duo_BoFh_theme2_stereo_Bo,duo,0,2,1,0,0.04022453830603018,0.08633967460838501,0.020989314912120912,-1,Bo,Fh
0002,classique_morceau2_duo_BoFh_theme2_stereo_Fh,duo,1,2,0,0,-0.06670225627809606,0.049948435251212155,0.020989314912120912,-1,Fh,Bo
0002,classique_morceau2_duo_BoFl_theme2_stereo_Bo,duo,0,2,0,1,0.09059865787303314,0.04584535865241035,0.020989314912120912,-1,Bo,Bo
0002,classique_morceau2_duo_BoFl_theme2_stereo_Fl,duo,1,2,1,1,0.0390004216992417,-0.01137931001858862,0.020989314912120912,-1,Fl,Fl
0002,classique_morceau2_duo_FhFl_theme1_stereo_Fh,duo,0,2,1,0,0.0530849212379964,0.0821532842297054,0.020989314912120912,-1,Fh,Fl
0002,classique_morceau2_duo_FhFl_theme1_stereo_Fl,duo,1,2,0,0,0.003732041482673243,0.04877916007572877,0.020989314912120912,-1,Fl,Fh
0002,pop_falldead_duo_BsDr_theme1_stereo_Bs,duo,0,2,0,1,0.1851321136991801,0.13068709369768397,0.020989314912120912,-1,Bs,Bs
0002,pop_falldead_duo_BsDr_theme1_stereo_Dr,duo,1,2,1,1,0.2107934613106769,0.17593748761760414,0.020989314912120912,-1,Dr,Dr
0002,pop_falldead_duo_GtVx_theme1_stereo_Gt,duo,0,2,0,1,0.07931595458616658,0.05496720973650322,0.020989314912120912,-1,Gt,Gt
0002,pop_falldead_duo_GtVx_theme1_stereo_Vx,duo,1,2,1,1,0.12388433038231271,0.12096728564896841,0.020989314912120912,-1,Vx,Vx
0002,pop_mixtape_duo_BsDr_theme1_stereo_Bs,duo,0,2,1,0,0.0174380945708825,0.06225812968329225,0.020989314912120912,-1,Bs,Dr
0002,pop_mixtape_duo_BsDr_theme2_stereo_Dr,duo,1,2,0,0,0.02007640117563423,0.056074738233048496,0.020989314912120912,-1,Dr,Bs
0002,pop_mixtape_duo_GtVx_theme1_stereo_Gt,duo,0,2,1,0,-0.06261391552368023,0.0677116253028307,0.020989314912120912,-1,Gt,Vx
0002,pop_mixtape_duo_GtVx_theme2_stereo_Vx,duo,1,2,0,0,-0.04693193780730116,0.025655653387278238,0.020989314912120912,-1,Vx,Gt
0003,classique_morceau1_duo_CoFl_theme2_stereo_Co,duo,0,2,1,0,0.0057094905320673114,0.04056416920516176,0.09786998630259677,-1,Co,Fl
0003,classique_morceau1_duo_CoFl_theme2_stereo_Fl,duo,1,2,0,0,0.021131560101258873,0.06833431663577089,0.09786998630259677,-1,Fl,Co
0003,classique_morceau1_duo_CoOb_theme1_stereo_Co,duo,0,2,1,0,-0.15067867438228327,-0.04224936061314453,0.09786998630259677,-1,Co,Ob
0003,classique_morceau1_duo_CoOb_theme2_stereo_Ob,duo,1,2,0,0,-0.05518293462306547,0.09816588731206502,0.09786998630259677,-1,Ob,Co
0003,classique_morceau1_duo_FlOb_theme1_stereo_Fl,duo,0,2,0,1,0.001056224239700072,-0.028899496224665755,0.09786998630259677,-1,Fl,Fl
0003,classique_morceau1_duo_FlOb_theme2_stereo_Ob,duo,1,2,0,0,-0.008209678874833828,-0.005692204192225097,0.09786998630259677,-1,Ob,Fl
0003,classique_morceau2_duo_BoFh_theme1_stereo_Fh,duo,1,2,0,0,0.022566744758299957,0.07069963291996798,0.09786998630259677,-1,Fh,Bo
0003,classique_morceau2_duo_BoFh_theme2_stereo_Bo,duo,0,2,1,0,0.017449488948430437,0.022870786656817615,0.09786998630259677,-1,Bo,Fh
0003,classique_morceau2_duo_BoFl_theme2_stereo_Bo,duo,0,2,1,0,-0.06884415762701782,-0.040950754878574594,0.09786998630259677,-1,Bo,Fl
0003,classique_morceau2_duo_BoFl_theme2_stereo_Fl,duo,1,2,1,1,0.07983630988116375,0.01987611736356046,0.09786998630259677,-1,Fl,Fl
0003,classique_morceau2_duo_FhFl_theme1_stereo_Fh,duo,0,2,1,0,-0.047646651128700354,0.04126441570127209,0.09786998630259677,-1,Fh,Fl
0003,classique_morceau2_duo_FhFl_theme1_stereo_Fl,duo,1,2,1,1,0.046174741860878776,0.038735787973401,0.09786998630259677,-1,Fl,Fl
0003,pop_falldead_duo_BsDr_theme1_stereo_Bs,duo,0,2,1,0,0.01898599047050304,0.1617527651532361,0.09786998630259677,-1,Bs,Dr
0003,pop_falldead_duo_BsDr_theme1_stereo_Dr,duo,1,2,1,1,0.11519498797734207,0.0006227629128324978,0.09786998630259677,-1,Dr,Dr
0003,pop_falldead_duo_GtVx_theme1_stereo_Gt,duo,0,2,1,0,-0.05714050085287283,0.01233315758761063,0.09786998630259677,-1,Gt,Vx
0003,pop_falldead_duo_GtVx_theme1_stereo_Vx,duo,1,2,1,1,-0.003390132024449863,-0.019680179813493563,0.09786998630259677,-1,Vx,Vx
0003,pop_mixtape_duo_BsDr_theme1_stereo_Bs,duo,0,2,1,0,0.0238374813739051,0.058154556554896736,0.09786998630259677,-1,Bs,Dr
0003,pop_mixtape_duo_BsDr_theme1_stereo_Dr,duo,1,2,1,1,0.12969880253140886,0.04312965959868545,0.09786998630259677,-1,Dr,Dr
0003,pop_mixtape_duo_GtVx_theme1_stereo_Vx,duo,1,2,0,0,-0.08264292644411667,-0.058401925744618374,0.09786998630259677,-1,Vx,Gt
0003,pop_mixtape_duo_GtVx_theme2_stereo_Gt,duo,0,2,1,0,-0.018267528388795078,0.11070616425076378,0.09786998630259677,-1,Gt,Vx
0004,classique_morceau1_duo_CoFl_theme1_stereo_Co,duo,0,2,1,0,-0.05260168019487921,0.0022833979139490826,0.03702575890491112,-1,Co,Fl
0004,classique_morceau1_duo_CoFl_theme1_stereo_Fl,duo,1,2,0,0,-0.00951605867402655,0.06755573621844049,0.03702575890491112,-1,Fl,Co
0004,classique_morceau1_duo_CoOb_theme1_stereo_Co,duo,0,2,0,1,-0.01227895694792263,-0.1334233688597136,0.03702575890491112,-1,Co,Co
0004,classique_morceau1_duo_CoOb_theme2_stereo_Ob,duo,1,2,0,0,-0.07118167667317823,0.06645445723387736,0.03702575890491112,-1,Ob,Co
0004,classique_morceau1_duo_FlOb_theme1_stereo_Fl,duo,0,2,1,0,-0.07812359703453418,-0.0734779954021295,0.03702575890491112,-1,Fl,Ob
0004,classique_morceau1_duo_FlOb_theme2_stereo_Ob,duo,1,2,0,0,-0.041857057658284916,0.021717273153569413,0.03702575890491112,-1,Ob,Fl
0004,classique_morceau2_duo_BoFh_theme1_stereo_Fh,duo,1,2,0,0,-0.10781899292444025,0.004570415771248209,0.03702575890491112,-1,Fh,Bo
0004,classique_morceau2_duo_BoFh_theme2_stereo_Bo,duo,0,2,0,1,0.05230591244731189,0.027466306121650675,0.03702575890491112,-1,Bo,Bo
0004,classique_morceau2_duo_BoFl_theme1_stereo_Fl,duo,1,2,1,1,0.0029722817875294486,-0.01571243722487174,0.03702575890491112,-1,Fl,Fl
0004,classique_morceau2_duo_BoFl_theme2_stereo_Bo,duo,0,2,0,1,0.05572735872346966,0.008338999447377413,0.03702575890491112,-1,Bo,Bo
0004,classique_morceau2_duo_FhFl_theme2_stereo_Fh,duo,0,2,0,1,0.12497096971515398,-0.011826917543793076,0.03702575890491112,-1,Fh,Fh
0004,classique_morceau2_duo_FhFl_theme2_stereo_Fl,duo,1,2,0,0,-0.06749951456561659,-0.059470642376195135,0.03702575890491112,-1,Fl,Fh
0004,pop_falldead_duo_BsDr_theme1_stereo_Bs,duo,0,2,1,0,0.009894526394406203,0.1132734765778331,0.03702575890491112,-1,Bs,Dr
0004,pop_falldead_duo_BsDr_theme1_stereo_Dr,duo,1,2,1,1,0.16699470570628638,0.062240578310653424,0.03702575890491112,-1,Dr,Dr
0004,pop_falldead_duo_GtVx_theme1_stereo_Gt,duo,0,2,1,0,-0.08405571668398419,0.05026991034851425,0.03702575890491112,-1,Gt,Vx
0004,pop_falldead_duo_GtVx_theme1_stereo_Vx,duo,1,2,1,1,0.06737669299742856,0.030549185434626508,0.03702575890491112,-1,Vx,Vx
0004,pop_mixtape_duo_BsDr_theme1_stereo_Bs,duo,0,2,1,0,0.06065226407312157,0.11582441130027246,0.03702575890491112,-1,Bs,Dr
0004,pop_mixtape_duo_BsDr_theme2_stereo_Dr,duo,1,2,1,1,-0.014600931684759594,-0.03626166293498391,0.03702575890491112,-1,Dr,Dr
0004,pop_mixtape_duo_GtVx_theme1_stereo_Gt,duo,0,2,0,1,0.06601049341946208,-0.005205522938852573,0.03702575890491112,-1,Gt,Gt
0004,pop_mixtape_duo_GtVx_theme1_stereo_Vx,duo,1,2,1,1,0.12321041685937262,0.1036075098416124,0.03702575890491112,-1,Vx,Vx
0005,classique_morceau1_duo_CoFl_theme1_stereo_Fl,duo,1,2,1,1,0.020175141556644727,-0.04334583750935408,0.0034490286269136593,-1,Fl,Fl
0005,classique_morceau1_duo_CoFl_theme2_stereo_Co,duo,0,2,0,1,0.0375222621385817,-0.048943011292762906,0.0034490286269136593,-1,Co,Co
0005,classique_morceau1_duo_CoOb_theme2_stereo_Co,duo,0,2,0,1,0.058614514703623055,-0.031511478354031945,0.0034490286269136593,-1,Co,Co
0005,classique_morceau1_duo_CoOb_theme2_stereo_Ob,duo,1,2,1,1,0.044628409804620184,-0.001807208858711308,0.0034490286269136593,-1,Ob,Ob
0005,classique_morceau1_duo_FlOb_theme1_stereo_Fl,duo,0,2,1,0,0.02155186364698597,0.02424738600451671,0.0034490286269136593,-1,Fl,Ob
0005,classique_morceau1_duo_FlOb_theme1_stereo_Ob,duo,1,2,1,1,0.10660199082739714,0.009186428186690609,0.0034490286269136593,-1,Ob,Ob
0005,classique_morceau2_duo_BoFh_theme1_stereo_Bo,duo,0,2,1,0,0.012456732416243113,0.06711984530712758,0.0034490286269136593,-1,Bo,Fh
0005,classique_morceau2_duo_BoFh_theme2_stereo_Fh,duo,1,2,0,0,-0.04899194512482856,0.11600368393789248,0.0034490286269136593,-1,Fh,Bo
0005,classique_morceau2_duo_BoFl_theme1_stereo_Bo,duo,0,2,0,1,0.051501698164374894,0.0382759966483585,0.0034490286269136593,-1,Bo,Bo
0005,classique_morceau2_duo_BoFl_theme1_stereo_Fl,duo,1,2,1,1,0.029346049197541586,-0.008407145256446874,0.0034490286269136593,-1,Fl,Fl
0005,classique_morceau2_duo_FhFl_theme1_stereo_Fh,duo,0,2,0,1,0.055349440928951124,-0.0524645816359188,0.0034490286269136593,-1,Fh,Fh
0005,classique_morceau2_duo_FhFl_theme1_stereo_Fl,duo,1,2,0,0,-0.07859947792139371,-0.0035183676971729944,0.0034490286269136593,-1,Fl,Fh
0005,pop_falldead_duo_BsDr_theme1_stereo_Bs,duo,0,2,1,0,-0.010754200174428727,0.007197460271207769,0.0034490286269136593,-1,Bs,Dr
0005,pop_falldead_duo_BsDr_theme1_stereo_Dr,duo,1,2,1,1,0.1102422546613346,-0.1485122101544502,0.0034490286269136593,-1,Dr,Dr
0005,pop_falldead_duo_GtVx_theme1_stereo_Gt,duo,0,2,0,1,0.0034105252137859032,-0.04639017363828485,0.0034490286269136593,-1,Gt,Gt
0005,pop_falldead_duo_GtVx_theme1_stereo_Vx,duo,1,2,0,0,-0.08717734965237982,-0.05791497840986362,0.0034490286269136593,-1,Vx,Gt
0005,pop_mixtape_duo_BsDr_theme2_stereo_Bs,duo,0,2,0,1,0.018221701976693958,-0.021142959108840648,0.0034490286269136593,-1,Bs,Bs
0005,pop_mixtape_duo_BsDr_theme2_stereo_Dr,duo,1,2,0,0,-0.010926124032631171,-0.010346760893575613,0.0034490286269136593,-1,Dr,Bs
0005,pop_mixtape_duo_GtVx_theme2_stereo_Gt,duo,0,2,1,0,-0.07673038124462157,0.10750800958646155,0.0034490286269136593,-1,Gt,Vx
0005,pop_mixtape_duo_GtVx_theme2_stereo_Vx,duo,1,2,1,1,0.07894127904671974,0.0016199317455531347,0.0034490286269136593,-1,Vx,Vx
0007,classique_morceau1_duo_CoFl_theme2_stereo_Co,duo,0,2,0,1,0.08855416638216666,0.031940352256904,-0.07203179786100997,-1,Co,Co
0007,classique_morceau1_duo_CoFl_theme2_stereo_Fl,duo,1,2,0,0,-0.011141354873754936,0.043564850468563676,-0.07203179786100997,-1,Fl,Co
0007,classique_morceau1_duo_CoOb_theme1_stereo_Co,duo,0,2,0,1,0.08574404538812525,-0.00903162919331995,-0.07203179786100997,-1,Co,Co
0007,classique_morceau1_duo_CoOb_theme1_stereo_Ob,duo,1,2,0,0,-0.04767423447503429,0.06207000455426825,-0.07203179786100997,-1,Ob,Co
0007,classique_morceau1_duo_FlOb_theme1_stereo_Fl,duo,0,2,1,0,0.01814952733090462,0.07107051529340186,-0.07203179786100997,-1,Fl,Ob
0007,classique_morceau1_duo_FlOb_theme1_stereo_Ob,duo,1,2,1,1,-0.0166006756367061,-0.031027657555840055,-0.07203179786100997,-1,Ob,Ob
0007,classique_morceau2_duo_BoFh_theme2_stereo_Bo,duo,0,2,1,0,0.011407015839764367,0.04661590086780419,-0.07203179786100997,-1,Bo,Fh
0007,classique_morceau2_duo_BoFh_theme2_stereo_Fh,duo,1,2,0,0,-0.14800910065388118,0.010722326043902525,-0.07203179786100997,-1,Fh,Bo
0007,classique_morceau2_duo_BoFl_theme2_stereo_Fl,duo,1,2,0,0,-0.08126815504030069,0.012795165673975364,-0.07203179786100997,-1,Fl,Bo
0007,classique_morceau2_duo_FhFl_theme2_stereo_Fl,duo,1,2,1,1,0.0245460269420039,-0.024178969666288717,-0.07203179786100997,-1,Fl,Fl
0007,pop_mixtape_duo_BsDr_theme1_stereo_Bs,duo,0,2,0,1,0.08250433557516401,0.02209618846043805,-0.07203179786100997,-1,Bs,Bs
0007,pop_mixtape_duo_BsDr_theme1_stereo_Dr,duo,1,2,1,1,0.09037165236845172,0.08951289240598499,-0.07203179786100997,-1,Dr,Dr
0007,pop_mixtape_duo_GtVx_theme1_stereo_Vx,duo,1,2,0,0,-0.016875397708089365,0.01759708370937921,-0.07203179786100997,-1,Vx,Gt
0007,pop_mixtape_duo_GtVx_theme2_stereo_Gt,duo,0,2,0,1,0.05841835665170493,-0.038372601234675056,-0.07203179786100997,-1,Gt,Gt
0008,classique_morceau1_duo_CoFl_theme1_stereo_Co,duo,0,2,1,0,-0.012693082100515493,-4.554451989647115e-05,0.07467383502977448,-1,Co,Fl
0008,classique_morceau1_duo_CoFl_theme2_stereo_Fl,duo,1,2,0,0,-9.934128869125425e-05,0.05787335540374326,0.07467383502977448,-1,Fl,Co
0008,classique_morceau1_duo_CoOb_theme1_stereo_Co,duo,0,2,0,1,-0.052486905093563595,-0.11178793364019256,0.07467383502977448,-1,Co,Co
0008,classique_morceau1_duo_CoOb_theme2_stereo_Ob,duo,1,2,1,1,0.08807169462369793,0.044655026430040136,0.07467383502977448,-1,Ob,Ob
0008,classique_morceau1_duo_FlOb_theme2_stereo_Fl,duo,0,2,0,1,-0.016341206428090577,-0.038633058028041886,0.07467383502977448,-1,Fl,Fl
0008,classique_morceau1_duo_FlOb_theme2_stereo_Ob,duo,1,2,0,0,-0.020912919274411433,-0.006313006565345792,0.07467383502977448,-1,Ob,Fl
0008,classique_morceau2_duo_BoFh_theme1_stereo_Bo,duo,0,2,1,0,0.022361305475037615,0.097952502223507,0.07467383502977448,-1,Bo,Fh
0008,classique_morceau2_duo_BoFh_theme1_stereo_Fh,duo,1,2,1,1,0.1275559710536114,-0.0010725608787743803,0.07467383502977448,-1,Fh,Fh
0008,classique_morceau2_duo_BoFl_theme1_stereo_Fl,duo,1,2,0,0,-0.08760128604079441,0.03312964400371261,0.07467383502977448,-1,Fl,Bo
0008,classique_morceau2_duo_BoFl_theme2_stereo_Bo,duo,0,2,0,1,0.03253498018940788,0.012657481129139033,0.07467383502977448,-1,Bo,Bo
0008,classique_morceau2_duo_FhFl_theme1_stereo_Fh,duo,0,2,0,1,0.13059661230252023,-0.008686770129698592,0.07467383502977448,-1,Fh,Fh
0008,classique_morceau2_duo_FhFl_theme1_stereo_Fl,duo,1,2,0,0,0.028096888136488096,0.11231456855906122,0.07467383502977448,-1,Fl,Fh
0008,pop_falldead_duo_BsDr_theme1_stereo_Bs,duo,0,2,0,1,0.08277817547858238,-0.01532298049303505,0.07467383502977448,-1,Bs,Bs
0008,pop_falldead_duo_BsDr_theme1_stereo_Dr,duo,1,2,0,0,-0.11330478064318177,-0.08979311791249603,0.07467383502977448,-1,Dr,Bs
0008,pop_falldead_duo_GtVx_theme1_stereo_Gt,duo,0,2,0,1,-0.008552575430227976,-0.03607869181689063,0.07467383502977448,-1,Gt,Gt
0008,pop_falldead_duo_GtVx_theme1_stereo_Vx,duo,1,2,1,1,0.019761889266496926,-0.04860728902249284,0.07467383502977448,-1,Vx,Vx
0008,pop_mixtape_duo_BsDr_theme1_stereo_Bs,duo,0,2,0,1,0.05086746976394815,0.04295126388155075,0.07467383502977448,-1,Bs,Bs
0008,pop_mixtape_duo_BsDr_theme2_stereo_Dr,duo,1,2,1,1,0.12047850743050656,0.08005352450434322,0.07467383502977448,-1,Dr,Dr
0008,pop_mixtape_duo_GtVx_theme1_stereo_Gt,duo,0,2,0,1,-0.013422533461954309,-0.04581229321348913,0.07467383502977448,-1,Gt,Gt
0008,pop_mixtape_duo_GtVx_theme1_stereo_Vx,duo,1,2,1,1,0.06721330937688483,0.021907840997049403,0.07467383502977448,-1,Vx,Vx
0009,classique_morceau1_duo_CoFl_theme1_stereo_Co,duo,0,2,0,1,0.023903290108920262,0.0176357226865604,0.04008750828276801,-1,Co,Co
0009,classique_morceau1_duo_CoFl_theme1_stereo_Fl,duo,1,2,0,0,-0.07602175927611413,-0.0024198128340990194,0.04008750828276801,-1,Fl,Co
0009,classique_morceau1_duo_CoOb_theme1_stereo_Ob,duo,1,2,1,1,0.051064293523432266,0.02050698844535443,0.04008750828276801,-1,Ob,Ob
0009,classique_morceau1_duo_CoOb_theme2_stereo_Co,duo,0,2,1,0,0.00020790699544953606,0.056712281951551674,0.04008750828276801,-1,Co,Ob
0009,classique_morceau1_duo_FlOb_theme1_stereo_Ob,duo,1,2,1,1,0.007829668624631548,-0.038071316926797764,0.04008750828276801,-1,Ob,Ob
0009,classique_morceau1_duo_FlOb_theme2_stereo_Fl,duo,0,2,0,1,0.024369078568933132,0.006415055468550537,0.04008750828276801,-1,Fl,Fl
0009,classique_morceau2_duo_BoFh_theme2_stereo_Bo,duo,0,2,1,0,0.09250987048700475,0.11270621993635455,0.04008750828276801,-1,Bo,Fh
0009,classique_morceau2_duo_BoFh_theme2_stereo_Fh,duo,1,2,0,0,0.026206029267824758,0.038060346580623135,0.04008750828276801,-1,Fh,Bo
0009,classique_morceau2_duo_BoFl_theme1_stereo_Bo,duo,0,2,1,0,0.01764359499570373,0.06785896871386614,0.04008750828276801,-1,Bo,Fl
0009,classique_morceau2_duo_BoFl_theme2_stereo_Fl,duo,1,2,1,1,0.0401796191620339,-0.004991550770080224,0.04008750828276801,-1,Fl,Fl
0009,classique_morceau2_duo_FhFl_theme2_stereo_Fh,duo,0,2,0,1,0.03704730352935208,0.021251325038048677,0.04008750828276801,-1,Fh,Fh
0009,classique_morceau2_duo_FhFl_theme2_stereo_Fl,duo,1,2,0,0,-0.04961844410015715,0.08179974643066706,0.04008750828276801,-1,Fl,Fh
0009,pop_falldead_duo_BsDr_theme1_stereo_Bs,duo,0,2,1,0,-0.007049852300038243,0.06290954671353649,0.04008750828276801,-1,Bs,Dr
0009,pop_falldead_duo_BsDr_theme1_stereo_Dr,duo,1,2,1,1,0.2035788964591556,0.005978595614348523,0.04008750828276801,-1,Dr,Dr
0009,pop_falldead_duo_GtVx_theme1_stereo_Gt,duo,0,2,0,1,0.07226776149191921,0.06406735137596326,0.04008750828276801,-1,Gt,Gt
0009,pop_falldead_duo_GtVx_theme1_stereo_Vx,duo,1,2,1,1,0.09952410141751598,0.07045147529031599,0.04008750828276801,-1,Vx,Vx
0009,pop_mixtape_duo_BsDr_theme2_stereo_Bs,duo,0,2,0,1,-0.10071804700321298,-0.10892872922140424,0.04008750828276801,-1,Bs,Bs
0009,pop_mixtape_duo_BsDr_theme2_stereo_Dr,duo,1,2,0,0,0.05121765758228955,0.05200875553950439,0.04008750828276801,-1,Dr,Bs
0009,pop_mixtape_duo_GtVx_theme1_stereo_Gt,duo,0,2,1,0,-0.03913020475495703,-0.018685483411011464,0.04008750828276801,-1,Gt,Vx
0009,pop_mixtape_duo_GtVx_theme2_stereo_Vx,duo,1,2,1,1,0.06608573162754854,0.030184823565046353,0.04008750828276801,-1,Vx,Vx
