subject,stim,ensemble,target_idx,n_present,pred,correct,r_attended,r_best_unattended,inner_val_r
0001,classique_morceau1_duo_CoFl_theme1_stereo_Co,duo,0,2,0,1,0.17554803904373695,0.04589830755289359,0.05418769119649358
0001,classique_morceau1_duo_CoFl_theme1_stereo_Fl,duo,1,2,0,0,0.059688313970029466,0.16291377513749505,0.05418769119649358
0001,classique_morceau1_duo_CoOb_theme1_stereo_Co,duo,0,2,1,0,-0.03037388879450032,0.035968197998339835,0.05418769119649358
0001,classique_morceau1_duo_CoOb_theme2_stereo_Ob,duo,1,2,0,0,-0.035994812850311864,0.09640725239283184,0.05418769119649358
0001,classique_morceau1_duo_FlOb_theme1_stereo_Fl,duo,0,2,0,1,0.047111486110441116,0.034156201084469345,0.05418769119649358
0001,classique_morceau1_duo_FlOb_theme2_stereo_Ob,duo,1,2,0,0,0.01212782628953308,0.01726337442511787,0.05418769119649358
0001,classique_morceau2_duo_BoFh_theme1_stereo_Fh,duo,1,2,1,1,0.10331389419843941,0.048911529388213484,0.05418769119649358
0001,classique_morceau2_duo_BoFh_theme2_stereo_Bo,duo,0,2,0,1,-0.03309526082410202,-0.08807068274932814,0.05418769119649358
0001,classique_morceau2_duo_BoFl_theme1_stereo_Fl,duo,1,2,1,1,0.033008638011990256,-0.03705441157667387,0.05418769119649358
0001,classique_morceau2_duo_BoFl_theme2_stereo_Bo,duo,0,2,0,1,0.017895491725135795,-0.011275277241231346,0.05418769119649358
0001,classique_morceau2_duo_FhFl_theme2_stereo_Fh,duo,0,2,0,1,0.03341534761556526,-0.030678568333107944,0.05418769119649358
0001,classique_morceau2_duo_FhFl_theme2_stereo_Fl,duo,1,2,0,0,0.013383754901333415,0.027241864557311965,0.05418769119649358
0001,pop_falldead_duo_BsDr_theme1_stereo_Bs,duo,0,2,0,1,0.023483937303001794,-0.01912133198786154,0.05418769119649358
0001,pop_falldead_duo_BsDr_theme1_stereo_Dr,duo,1,2,1,1,0.12725969958436617,0.030446413615193284,0.05418769119649358
0001,pop_falldead_duo_GtVx_theme1_stereo_Gt,duo,0,2,1,0,-0.09724168169764613,-0.07477349861877107,0.05418769119649358
0001,pop_falldead_duo_GtVx_theme1_stereo_Vx,duo,1,2,0,0,-0.10908065272442347,-0.058398030823040334,0.05418769119649358
0001,pop_mixtape_duo_BsDr_theme1_stereo_Bs,duo,0,2,1,0,-0.016437453317231263,0.012232189624382928,0.05418769119649358
0001,pop_mixtape_duo_BsDr_theme2_stereo_Dr,duo,1,2,0,0,-0.03667880200513378,-0.027003861054659288,0.05418769119649358
0001,pop_mixtape_duo_GtVx_theme1_stereo_Gt,duo,0,2,0,1,0.09802541781354333,0.0851055430627112,0.05418769119649358
0001,pop_mixtape_duo_GtVx_theme1_stereo_Vx,duo,1,2,1,1,-0.017668611330328654,-0.024019644853244895,0.05418769119649358
0002,classique_morceau1_duo_CoFl_theme1_stereo_Co,duo,0,2,0,1,0.03912038915805847,-0.05102908566966646,0.04127801463354337
0002,classique_morceau1_duo_CoFl_theme2_stereo_Fl,duo,1,2,0,0,-0.06167137001914963,0.07284247614162406,0.04127801463354337
0002,classique_morceau1_duo_CoOb_theme2_stereo_Co,duo,0,2,0,1,0.044845494764660924,-0.030278687477692898,0.04127801463354337
0002,classique_morceau1_duo_CoOb_theme2_stereo_Ob,duo,1,2,0,0,-0.009285668299598093,0.024711998903772004,0.04127801463354337
0002,classique_morceau1_duo_FlOb_theme1_stereo_Fl,duo,0,2,0,1,0.039183200438342496,-0.05164792139032269,0.04127801463354337
0002,classique_morceau1_duo_FlOb_theme2_stereo_Ob,duo,1,2,1,1,0.027231651832689673,-0.09905718233192705,0.04127801463354337
0002,classique_morceau2_duo_BoFh_theme2_stereo_Bo,duo,0,2,1,0,0.03202998620866143,0.07204548883018744,0.04127801463354337
0002,classique_morceau2_duo_BoFh_theme2_stereo_Fh,duo,1,2,0,0,-0.0503806211570296,0.06971336208564455,0.04127801463354337
0002,classique_morceau2_duo_BoFl_theme2_stereo_Bo,duo,0,2,0,1,0.07110318877251204,0.06119892473650985,0.04127801463354337
0002,classique_morceau2_duo_BoFl_theme2_stereo_Fl,duo,1,2,1,1,0.015615307584726429,-0.04102156949942526,0.04127801463354337
0002,classique_morceau2_duo_FhFl_theme1_stereo_Fh,duo,0,2,1,0,0.03297060507870041,0.08053858300610953,0.04127801463354337
0002,classique_morceau2_duo_FhFl_theme1_stereo_Fl,duo,1,2,0,0,-0.0024755770956110656,0.04918027346419092,0.04127801463354337
0002,pop_falldead_duo_BsDr_theme1_stereo_Bs,duo,0,2,0,1,0.21284889369271098,0.13152449491869495,0.04127801463354337
0002,pop_falldead_duo_BsDr_theme1_stereo_Dr,duo,1,2,1,1,0.21404798676973108,0.19799774683384988,0.04127801463354337
0002,pop_falldead_duo_GtVx_theme1_stereo_Gt,duo,0,2,1,0,0.04520203662428619,0.09858630337993476,0.04127801463354337
0002,pop_falldead_duo_GtVx_theme1_stereo_Vx,duo,1,2,0,0,0.09712404575642745,0.10721787454670859,0.04127801463354337
0002,pop_mixtape_duo_BsDr_theme1_stereo_Bs,duo,0,2,1,0,0.029021348490995,0.05985581986514331,0.04127801463354337
0002,pop_mixtape_duo_BsDr_theme2_stereo_Dr,duo,1,2,0,0,0.01119276186165882,0.04245016998059806,0.04127801463354337
0002,pop_mixtape_duo_GtVx_theme1_stereo_Gt,duo,0,2,1,0,-0.05823082816904521,0.02783834769030796,0.04127801463354337
0002,pop_mixtape_duo_GtVx_theme2_stereo_Vx,duo,1,2,0,0,-0.03369272549652859,0.025274304920104008,0.04127801463354337
0003,classique_morceau1_duo_CoFl_theme2_stereo_Co,duo,0,2,1,0,0.009575703228984413,0.04565444127729396,0.09956522291867391
0003,classique_morceau1_duo_CoFl_theme2_stereo_Fl,duo,1,2,0,0,0.06222633281849023,0.07672636612365946,0.09956522291867391
0003,classique_morceau1_duo_CoOb_theme1_stereo_Co,duo,0,2,1,0,-0.1963729613451558,-0.08334269783818549,0.09956522291867391
0003,classique_morceau1_duo_CoOb_theme2_stereo_Ob,duo,1,2,0,0,-0.061959786615808275,0.09302975894432769,0.09956522291867391
0003,classique_morceau1_duo_FlOb_theme1_stereo_Fl,duo,0,2,0,1,0.022869201230887645,0.01845074395979581,0.09956522291867391
0003,classique_morceau1_duo_FlOb_theme2_stereo_Ob,duo,1,2,0,0,-0.023831540381282722,-0.008779055564739685,0.09956522291867391
0003,classique_morceau2_duo_BoFh_theme1_stereo_Fh,duo,1,2,0,0,0.016071616391941608,0.06650309279850847,0.09956522291867391
0003,classique_morceau2_duo_BoFh_theme2_stereo_Bo,duo,0,2,0,1,0.023186346579474694,0.017947553510649812,0.09956522291867391
0003,classique_morceau2_duo_BoFl_theme2_stereo_Bo,duo,0,2,1,0,-0.06189005887763273,-0.04588366761128661,0.09956522291867391
0003,classique_morceau2_duo_BoFl_theme2_stereo_Fl,duo,1,2,1,1,0.057280113151100986,0.008666188868052207,0.09956522291867391
0003,classique_morceau2_duo_FhFl_theme1_stereo_Fh,duo,0,2,1,0,-0.004368365995074515,0.05287631519812415,0.09956522291867391
0003,classique_morceau2_duo_FhFl_theme1_stereo_Fl,duo,1,2,1,1,0.04932745240425849,0.03878530071451341,0.09956522291867391
0003,pop_falldead_duo_BsDr_theme1_stereo_Bs,duo,0,2,1,0,-0.015798437879702205,0.16397233750632623,0.09956522291867391
0003,pop_falldead_duo_BsDr_theme1_stereo_Dr,duo,1,2,1,1,0.10201276253713847,0.05035999357364564,0.09956522291867391
0003,pop_falldead_duo_GtVx_theme1_stereo_Gt,duo,0,2,1,0,-0.06536438793262626,-0.010590323341825216,0.09956522291867391
0003,pop_falldead_duo_GtVx_theme1_stereo_Vx,duo,1,2,1,1,-0.014605396072380237,-0.028057305303320415,0.09956522291867391
0003,pop_mixtape_duo_BsDr_theme1_stereo_Bs,duo,0,2,1,0,0.039594266005061135,0.1098368032276226,0.09956522291867391
0003,pop_mixtape_duo_BsDr_theme1_stereo_Dr,duo,1,2,1,1,0.12246093013249074,0.04654913916122762,0.09956522291867391
0003,pop_mixtape_duo_GtVx_theme1_stereo_Vx,duo,1,2,0,0,-0.06054447523949556,-0.041404937651726315,0.09956522291867391
0003,pop_mixtape_duo_GtVx_theme2_stereo_Gt,duo,0,2,1,0,-0.0291894048549471,0.10536275326425962,0.09956522291867391
0004,classique_morceau1_duo_CoFl_theme1_stereo_Co,duo,0,2,1,0,-0.09061408691099278,-0.014318776671562455,0.06475310598308613
0004,classique_morceau1_duo_CoFl_theme1_stereo_Fl,duo,1,2,1,1,0.03442095591319687,0.0010828725825417062,0.06475310598308613
0004,classique_morceau1_duo_CoOb_theme1_stereo_Co,duo,0,2,0,1,0.028906904777356232,-0.12852164288455317,0.06475310598308613
0004,classique_morceau1_duo_CoOb_theme2_stereo_Ob,duo,1,2,0,0,-0.08751610292183076,0.020495503631471734,0.06475310598308613
0004,classique_morceau1_duo_FlOb_theme1_stereo_Fl,duo,0,2,1,0,-0.08323862997305963,-0.06434906233787094,0.06475310598308613
0004,classique_morceau1_duo_FlOb_theme2_stereo_Ob,duo,1,2,0,0,-0.08586149374044376,0.01671710286740246,0.06475310598308613
0004,classique_morceau2_duo_BoFh_theme1_stereo_Fh,duo,1,2,1,1,0.00754543277340311,-0.009279725111378024,0.06475310598308613
0004,classique_morceau2_duo_BoFh_theme2_stereo_Bo,duo,0,2,0,1,0.03275553730679352,0.01252762248362551,0.06475310598308613
0004,classique_morceau2_duo_BoFl_theme1_stereo_Fl,duo,1,2,1,1,-0.027263491785800772,-0.05186022307901033,0.06475310598308613
0004,classique_morceau2_duo_BoFl_theme2_stereo_Bo,duo,0,2,1,0,0.04209557376604478,0.042385846214873055,0.06475310598308613
0004,classique_morceau2_duo_FhFl_theme2_stereo_Fh,duo,0,2,0,1,0.08510711463291736,-0.03998858405303081,0.06475310598308613
0004,classique_morceau2_duo_FhFl_theme2_stereo_Fl,duo,1,2,0,0,-0.07660468146810062,0.00927100520895401,0.06475310598308613
0004,pop_falldead_duo_BsDr_theme1_stereo_Bs,duo,0,2,1,0,-0.021923876039143017,0.2010460146048701,0.06475310598308613
0004,pop_falldead_duo_BsDr_theme1_stereo_Dr,duo,1,2,1,1,0.21920936025421525,0.03515459499597805,0.06475310598308613
0004,pop_falldead_duo_GtVx_theme1_stereo_Gt,duo,0,2,1,0,0.029252525057667376,0.1133157828116007,0.06475310598308613
0004,pop_falldead_duo_GtVx_theme1_stereo_Vx,duo,1,2,1,1,0.07612688013170027,0.038344159430679946,0.06475310598308613
0004,pop_mixtape_duo_BsDr_theme1_stereo_Bs,duo,0,2,1,0,0.08323157935815112,0.10982398170215674,0.06475310598308613
0004,pop_mixtape_duo_BsDr_theme2_stereo_Dr,duo,1,2,1,1,6.388955550833044e-05,-0.015096068390213784,0.06475310598308613
0004,pop_mixtape_duo_GtVx_theme1_stereo_Gt,duo,0,2,0,1,0.01289874249691148,-0.04271237153035786,0.06475310598308613
0004,pop_mixtape_duo_GtVx_theme1_stereo_Vx,duo,1,2,1,1,0.052538426129592794,-0.0037410551884033486,0.06475310598308613
0005,classique_morceau1_duo_CoFl_theme1_stereo_Fl,duo,1,2,0,0,0.02454440112287468,0.04681786302954242,0.05088613938767852
0005,classique_morceau1_duo_CoFl_theme2_stereo_Co,duo,0,2,0,1,0.019309449917446857,-0.017444065339830304,0.05088613938767852
0005,classique_morceau1_duo_CoOb_theme2_stereo_Co,duo,0,2,0,1,0.08999603253108501,-0.0201998375979122,0.05088613938767852
0005,classique_morceau1_duo_CoOb_theme2_stereo_Ob,duo,1,2,0,0,0.028733097046041784,0.04501473024861394,0.05088613938767852
0005,classique_morceau1_duo_FlOb_theme1_stereo_Fl,duo,0,2,0,1,0.012827766666352214,-0.005653988027108734,0.05088613938767852
0005,classique_morceau1_duo_FlOb_theme1_stereo_Ob,duo,1,2,1,1,0.17871945641014245,0.061922544060540194,0.05088613938767852
0005,classique_morceau2_duo_BoFh_theme1_stereo_Bo,duo,0,2,1,0,0.03249113345389383,0.07008350609719506,0.05088613938767852
0005,classique_morceau2_duo_BoFh_theme2_stereo_Fh,duo,1,2,0,0,-0.08929370631844342,0.08107342704032477,0.05088613938767852
0005,classique_morceau2_duo_BoFl_theme1_stereo_Bo,duo,0,2,0,1,0.09260303000886252,0.03263248364122029,0.05088613938767852
0005,classique_morceau2_duo_BoFl_theme1_stereo_Fl,duo,1,2,1,1,0.033138644513048085,0.031388511227336886,0.05088613938767852
0005,classique_morceau2_duo_FhFl_theme1_stereo_Fh,duo,0,2,0,1,0.11135536311042876,-0.06832354421082623,0.05088613938767852
0005,classique_morceau2_duo_FhFl_theme1_stereo_Fl,duo,1,2,0,0,-0.0358290257317481,0.007152249461269651,0.05088613938767852
0005,pop_falldead_duo_BsDr_theme1_stereo_Bs,duo,0,2,1,0,-0.028702485792960267,-0.019766717832279207,0.05088613938767852
0005,pop_falldead_duo_BsDr_theme1_stereo_Dr,duo,1,2,1,1,-0.025697086373595003,-0.18217797514406492,0.05088613938767852
0005,pop_falldead_duo_GtVx_theme1_stereo_Gt,duo,0,2,0,1,0.014012328704208942,-0.06571109511954612,0.05088613938767852
0005,pop_falldead_duo_GtVx_theme1_stereo_Vx,duo,1,2,0,0,-0.07551881050411714,-0.018147648595090937,0.05088613938767852
0005,pop_mixtape_duo_BsDr_theme2_stereo_Bs,duo,0,2,0,1,-0.017514080121038594,-0.08343398130955049,0.05088613938767852
0005,pop_mixtape_duo_BsDr_theme2_stereo_Dr,duo,1,2,0,0,-0.02838082266917654,-0.017556185280969767,0.05088613938767852
0005,pop_mixtape_duo_GtVx_theme2_stereo_Gt,duo,0,2,1,0,-0.04768912535994235,0.11314536626108705,0.05088613938767852
0005,pop_mixtape_duo_GtVx_theme2_stereo_Vx,duo,1,2,1,1,0.07002124655282242,-0.009941996544992938,0.05088613938767852
0007,classique_morceau1_duo_CoFl_theme2_stereo_Co,duo,0,2,0,1,0.054670312483237365,0.027227126696512734,0.0055260342307530755
0007,classique_morceau1_duo_CoFl_theme2_stereo_Fl,duo,1,2,0,0,-0.024839775821404217,0.16987965557315882,0.0055260342307530755
0007,classique_morceau1_duo_CoOb_theme1_stereo_Co,duo,0,2,0,1,0.0754725572159282,-0.032083796139052795,0.0055260342307530755
0007,classique_morceau1_duo_CoOb_theme1_stereo_Ob,duo,1,2,0,0,-0.05283578991816468,0.07443207751852984,0.0055260342307530755
0007,classique_morceau1_duo_FlOb_theme1_stereo_Fl,duo,0,2,1,0,0.07024939923977683,0.12045202587600634,0.0055260342307530755
0007,classique_morceau1_duo_FlOb_theme1_stereo_Ob,duo,1,2,0,0,-0.09292416697440266,-0.05904698040895433,0.0055260342307530755
0007,classique_morceau2_duo_BoFh_theme2_stereo_Bo,duo,0,2,1,0,0.034095409770301684,0.1140946195287791,0.0055260342307530755
0007,classique_morceau2_duo_BoFh_theme2_stereo_Fh,duo,1,2,0,0,-0.10493676462673945,0.07294271619533194,0.0055260342307530755
0007,classique_morceau2_duo_BoFl_theme2_stereo_Fl,duo,1,2,0,0,-0.02788866330514485,0.07496989525566165,0.0055260342307530755
0007,classique_morceau2_duo_FhFl_theme2_stereo_Fl,duo,1,2,0,0,0.009722379921751532,0.07616052725055444,0.0055260342307530755
0007,pop_mixtape_duo_BsDr_theme1_stereo_Bs,duo,0,2,0,1,0.15185792904912146,0.11073411224657716,0.0055260342307530755
0007,pop_mixtape_duo_BsDr_theme1_stereo_Dr,duo,1,2,0,0,0.000810443780986693,0.07948692688456716,0.0055260342307530755
0007,pop_mixtape_duo_GtVx_theme1_stereo_Vx,duo,1,2,0,0,-0.084224830442901,0.055134190135992564,0.0055260342307530755
0007,pop_mixtape_duo_GtVx_theme2_stereo_Gt,duo,0,2,0,1,0.1211336792048048,0.044839449782226,0.0055260342307530755
0008,classique_morceau1_duo_CoFl_theme1_stereo_Co,duo,0,2,1,0,-0.06817248392067005,-0.03237028213066078,0.08306630020904454
0008,classique_morceau1_duo_CoFl_theme2_stereo_Fl,duo,1,2,0,0,-0.02855185190965479,0.012066058170256768,0.08306630020904454
0008,classique_morceau1_duo_CoOb_theme1_stereo_Co,duo,0,2,1,0,-0.017109026583988156,-0.016537117863121273,0.08306630020904454
0008,classique_morceau1_duo_CoOb_theme2_stereo_Ob,duo,1,2,1,1,0.05353778691374986,0.02030870783028057,0.08306630020904454
0008,classique_morceau1_duo_FlOb_theme2_stereo_Fl,duo,0,2,1,0,-0.035603951734715485,-0.0008816378186385677,0.08306630020904454
0008,classique_morceau1_duo_FlOb_theme2_stereo_Ob,duo,1,2,1,1,0.019717475578965492,0.00677889948584875,0.08306630020904454
0008,classique_morceau2_duo_BoFh_theme1_stereo_Bo,duo,0,2,1,0,0.053075284413620034,0.09266774470461014,0.08306630020904454
0008,classique_morceau2_duo_BoFh_theme1_stereo_Fh,duo,1,2,1,1,0.09596308965318619,0.028193263186931387,0.08306630020904454
0008,classique_morceau2_duo_BoFl_theme1_stereo_Fl,duo,1,2,0,0,-0.08169308960348716,0.021558404497425795,0.08306630020904454
0008,classique_morceau2_duo_BoFl_theme2_stereo_Bo,duo,0,2,0,1,-0.01201557521207429,-0.03202400884379007,0.08306630020904454
0008,classique_morceau2_duo_FhFl_theme1_stereo_Fh,duo,0,2,0,1,0.08092955734661317,-0.02942151880055198,0.08306630020904454
0008,classique_morceau2_duo_FhFl_theme1_stereo_Fl,duo,1,2,0,0,0.0299822963539084,0.08535289187936831,0.08306630020904454
0008,pop_falldead_duo_BsDr_theme1_stereo_Bs,duo,0,2,0,1,0.04733685292191195,-0.014814884572116414,0.08306630020904454
0008,pop_falldead_duo_BsDr_theme1_stereo_Dr,duo,1,2,1,1,-0.10669059328275494,-0.10676581789851392,0.08306630020904454
0008,pop_falldead_duo_GtVx_theme1_stereo_Gt,duo,0,2,0,1,-0.03513018692288837,-0.08689871773488063,0.08306630020904454
0008,pop_falldead_duo_GtVx_theme1_stereo_Vx,duo,1,2,1,1,-0.051154232757718465,-0.08288629725876298,0.08306630020904454
0008,pop_mixtape_duo_BsDr_theme1_stereo_Bs,duo,0,2,1,0,0.0369315308489482,0.056320892247654596,0.08306630020904454
0008,pop_mixtape_duo_BsDr_theme2_stereo_Dr,duo,1,2,1,1,0.12255828525401874,0.10046143647751266,0.08306630020904454
0008,pop_mixtape_duo_GtVx_theme1_stereo_Gt,duo,0,2,0,1,0.03822446436099363,-0.06881901663727083,0.08306630020904454
0008,pop_mixtape_duo_GtVx_theme1_stereo_Vx,duo,1,2,1,1,0.0443498337603851,-0.014314974745263123,0.08306630020904454
0009,classique_morceau1_duo_CoFl_theme1_stereo_Co,duo,0,2,0,1,0.04913520749320252,0.032027011667365164,0.05021857868733555
0009,classique_morceau1_duo_CoFl_theme1_stereo_Fl,duo,1,2,0,0,-0.07566729330067812,0.025476222572426127,0.05021857868733555
0009,classique_morceau1_duo_CoOb_theme1_stereo_Ob,duo,1,2,1,1,0.0011087980590645898,-0.01736334722610627,0.05021857868733555
0009,classique_morceau1_duo_CoOb_theme2_stereo_Co,duo,0,2,1,0,0.002166454585489754,0.050168173995075276,0.05021857868733555
0009,classique_morceau1_duo_FlOb_theme1_stereo_Ob,duo,1,2,1,1,-0.04025373817849748,-0.06242544447119579,0.05021857868733555
0009,classique_morceau1_duo_FlOb_theme2_stereo_Fl,duo,0,2,1,0,0.007807254961184112,0.01962651768743567,0.05021857868733555
0009,classique_morceau2_duo_BoFh_theme2_stereo_Bo,duo,0,2,1,0,0.10199238395824656,0.11346149921083973,0.05021857868733555
0009,classique_morceau2_duo_BoFh_theme2_stereo_Fh,duo,1,2,0,0,0.00720859333478284,0.03939805348858228,0.05021857868733555
0009,classique_morceau2_duo_BoFl_theme1_stereo_Bo,duo,0,2,1,0,0.005883081483471865,0.049030183552997667,0.05021857868733555
0009,classique_morceau2_duo_BoFl_theme2_stereo_Fl,duo,1,2,1,1,0.04674931254034935,-0.02247817737273025,0.05021857868733555
0009,classique_morceau2_duo_FhFl_theme2_stereo_Fh,duo,0,2,0,1,0.04618402739261272,0.03423479470412963,0.05021857868733555
0009,classique_morceau2_duo_FhFl_theme2_stereo_Fl,duo,1,2,0,0,-0.048239404257375114,0.04627897783397708,0.05021857868733555
0009,pop_falldead_duo_BsDr_theme1_stereo_Bs,duo,0,2,1,0,0.010297133548528943,0.0629118106117267,0.05021857868733555
0009,pop_falldead_duo_BsDr_theme1_stereo_Dr,duo,1,2,1,1,0.2009924844217406,-0.004465846109278762,0.05021857868733555
0009,pop_falldead_duo_GtVx_theme1_stereo_Gt,duo,0,2,0,1,0.05880761666233939,0.04503437311928321,0.05021857868733555
0009,pop_falldead_duo_GtVx_theme1_stereo_Vx,duo,1,2,1,1,0.09681546504993677,0.05356439218465622,0.05021857868733555
0009,pop_mixtape_duo_BsDr_theme2_stereo_Bs,duo,0,2,0,1,-0.13281048057979145,-0.15386302895199497,0.05021857868733555
0009,pop_mixtape_duo_BsDr_theme2_stereo_Dr,duo,1,2,1,1,0.03682037971542009,0.02657217341704337,0.05021857868733555
0009,pop_mixtape_duo_GtVx_theme1_stereo_Gt,duo,0,2,1,0,-0.05569249399443482,0.00010916625898233293,0.05021857868733555
0009,pop_mixtape_duo_GtVx_theme2_stereo_Vx,duo,1,2,1,1,0.03887213705953541,0.01494850739268476,0.05021857868733555
