subj,spatial,stim_hi,stim_lo,dcent,hit
0001,stereo,classique_morceau1_duo_CoFl_theme1_stereo_lcr_Fl,classique_morceau1_duo_CoFl_theme1_stereo_lcr_Co,2102.6563605564475,True
0001,mono,classique_morceau1_duo_CoFl_theme2_mono_Fl,classique_morceau1_duo_CoFl_theme2_mono_Co,1275.5950453630167,True
0001,mono,classique_morceau2_duo_BoFl_theme1_mono_Fl,classique_morceau2_duo_BoFl_theme1_mono_Bo,1934.7981429854897,False
0001,stereo,classique_morceau2_duo_FhFl_theme2_stereo_lcr_Fl,classique_morceau2_duo_FhFl_theme2_stereo_lcr_Fh,1188.2779110484369,False
0001,mono,pop_falldead_duo_BsDr_theme1_mono_Dr,pop_falldead_duo_BsDr_theme1_mono_Bs,2761.519160625024,False
0001,stereo,pop_falldead_duo_BsDr_theme1_stereo_lcr_Dr,pop_falldead_duo_BsDr_theme1_stereo_lcr_Bs,2761.519160625024,False
0001,mono,pop_falldead_duo_GtVx_theme1_mono_Vx,pop_falldead_duo_GtVx_theme1_mono_Gt,1102.7399677463209,True
0001,stereo,pop_falldead_duo_GtVx_theme1_stereo_lcr_Vx,pop_falldead_duo_GtVx_theme1_stereo_lcr_Gt,1102.7399677463209,True
0001,mono,pop_mixtape_duo_GtVx_theme1_mono_Vx,pop_mixtape_duo_GtVx_theme1_mono_Gt,416.94427435500074,False
0001,stereo,pop_mixtape_duo_GtVx_theme1_stereo_lcr_Vx,pop_mixtape_duo_GtVx_theme1_stereo_lcr_Gt,416.94427435500074,True
0002,mono,classique_morceau1_duo_CoOb_theme2_mono_Ob,classique_morceau1_duo_CoOb_theme2_mono_Co,902.9551438053377,False
0002,stereo,classique_morceau1_duo_CoOb_theme2_stereo_lcr_Ob,classique_morceau1_duo_CoOb_theme2_stereo_lcr_Co,902.9551438053377,False
0002,mono,classique_morceau1_duo_FlOb_theme1_mono_Fl,classique_morceau1_duo_FlOb_theme1_mono_Ob,769.445538724176,True
0002,stereo,classique_morceau2_duo_BoFh_theme2_stereo_lcr_Bo,classique_morceau2_duo_BoFh_theme2_stereo_lcr_Fh,107.41975168289332,True
0002,stereo,classique_morceau2_duo_BoFl_theme2_stereo_lcr_Fl,classique_morceau2_duo_BoFl_theme2_stereo_lcr_Bo,1080.8581593655435,False
0002,stereo,classique_morceau2_duo_FhFl_theme1_stereo_lcr_Fl,classique_morceau2_duo_FhFl_theme1_stereo_lcr_Fh,2092.5212701594255,False
0002,mono,pop_falldead_duo_BsDr_theme1_mono_Dr,pop_falldead_duo_BsDr_theme1_mono_Bs,2761.519160625024,True
0002,stereo,pop_falldead_duo_BsDr_theme1_stereo_lcr_Dr,pop_falldead_duo_BsDr_theme1_stereo_lcr_Bs,2761.519160625024,True
0002,mono,pop_falldead_duo_GtVx_theme1_mono_Vx,pop_falldead_duo_GtVx_theme1_mono_Gt,1102.7399677463209,True
0002,stereo,pop_falldead_duo_GtVx_theme1_stereo_lcr_Vx,pop_falldead_duo_GtVx_theme1_stereo_lcr_Gt,1102.7399677463209,True
0002,mono,pop_mixtape_duo_BsDr_theme2_mono_Dr,pop_mixtape_duo_BsDr_theme2_mono_Bs,3176.4817977940716,True
0002,mono,pop_mixtape_duo_GtVx_theme1_mono_Vx,pop_mixtape_duo_GtVx_theme1_mono_Gt,416.94427435500074,True
0003,mono,classique_morceau1_duo_CoFl_theme1_mono_Fl,classique_morceau1_duo_CoFl_theme1_mono_Co,2102.6563605564475,False
0003,stereo,classique_morceau1_duo_CoFl_theme2_stereo_lcr_Fl,classique_morceau1_duo_CoFl_theme2_stereo_lcr_Co,1275.5950453630167,True
0003,mono,classique_morceau2_duo_BoFl_theme2_mono_Fl,classique_morceau2_duo_BoFl_theme2_mono_Bo,1080.8581593655435,True
0003,stereo,classique_morceau2_duo_BoFl_theme2_stereo_lcr_Fl,classique_morceau2_duo_BoFl_theme2_stereo_lcr_Bo,1080.8581593655435,True
0003,stereo,classique_morceau2_duo_FhFl_theme1_stereo_lcr_Fl,classique_morceau2_duo_FhFl_theme1_stereo_lcr_Fh,2092.5212701594255,False
0003,mono,pop_falldead_duo_BsDr_theme1_mono_Dr,pop_falldead_duo_BsDr_theme1_mono_Bs,2761.519160625024,False
0003,stereo,pop_falldead_duo_BsDr_theme1_stereo_lcr_Dr,pop_falldead_duo_BsDr_theme1_stereo_lcr_Bs,2761.519160625024,False
0003,mono,pop_falldead_duo_GtVx_theme1_mono_Vx,pop_falldead_duo_GtVx_theme1_mono_Gt,1102.7399677463209,True
0003,stereo,pop_falldead_duo_GtVx_theme1_stereo_lcr_Vx,pop_falldead_duo_GtVx_theme1_stereo_lcr_Gt,1102.7399677463209,False
0003,stereo,pop_mixtape_duo_BsDr_theme1_stereo_lcr_Dr,pop_mixtape_duo_BsDr_theme1_stereo_lcr_Bs,2533.591016565309,False
0003,mono,pop_mixtape_duo_BsDr_theme2_mono_Dr,pop_mixtape_duo_BsDr_theme2_mono_Bs,3176.4817977940716,True
0003,mono,pop_mixtape_duo_GtVx_theme1_mono_Vx,pop_mixtape_duo_GtVx_theme1_mono_Gt,416.94427435500074,True
0004,stereo,classique_morceau1_duo_CoFl_theme1_stereo_lcr_Fl,classique_morceau1_duo_CoFl_theme1_stereo_lcr_Co,2102.6563605564475,False
0004,mono,classique_morceau1_duo_CoFl_theme2_mono_Fl,classique_morceau1_duo_CoFl_theme2_mono_Co,1275.5950453630167,True
0004,mono,classique_morceau2_duo_BoFl_theme1_mono_Fl,classique_morceau2_duo_BoFl_theme1_mono_Bo,1934.7981429854897,False
0004,stereo,classique_morceau2_duo_FhFl_theme2_stereo_lcr_Fl,classique_morceau2_duo_FhFl_theme2_stereo_lcr_Fh,1188.2779110484369,False
0004,mono,pop_falldead_duo_BsDr_theme1_mono_Dr,pop_falldead_duo_BsDr_theme1_mono_Bs,2761.519160625024,False
0004,stereo,pop_falldead_duo_BsDr_theme1_stereo_lcr_Dr,pop_falldead_duo_BsDr_theme1_stereo_lcr_Bs,2761.519160625024,True
0004,mono,pop_falldead_duo_GtVx_theme1_mono_Vx,pop_falldead_duo_GtVx_theme1_mono_Gt,1102.7399677463209,False
0004,stereo,pop_falldead_duo_GtVx_theme1_stereo_lcr_Vx,pop_falldead_duo_GtVx_theme1_stereo_lcr_Gt,1102.7399677463209,False
0004,mono,pop_mixtape_duo_GtVx_theme1_mono_Vx,pop_mixtape_duo_GtVx_theme1_mono_Gt,416.94427435500074,True
0004,stereo,pop_mixtape_duo_GtVx_theme1_stereo_lcr_Vx,pop_mixtape_duo_GtVx_theme1_stereo_lcr_Gt,416.94427435500074,False
0005,stereo,classique_morceau1_duo_CoOb_theme2_stereo_lcr_Ob,classique_morceau1_duo_CoOb_theme2_stereo_lcr_Co,902.9551438053377,True
0005,stereo,classique_morceau1_duo_FlOb_theme1_stereo_lcr_Fl,classique_morceau1_duo_FlOb_theme1_stereo_lcr_Ob,769.445538724176,True
0005,stereo,classique_morceau2_duo_BoFl_theme1_stereo_lcr_Fl,classique_morceau2_duo_BoFl_theme1_stereo_lcr_Bo,1934.7981429854897,False
0005,mono,classique_morceau2_duo_FhFl_theme1_mono_Fl,classique_morceau2_duo_FhFl_theme1_mono_Fh,2092.5212701594255,False
0005,stereo,classique_morceau2_duo_FhFl_theme1_stereo_lcr_Fl,classique_morceau2_duo_FhFl_theme1_stereo_lcr_Fh,2092.5212701594255,True
0005,mono,pop_falldead_duo_BsDr_theme1_mono_Dr,pop_falldead_duo_BsDr_theme1_mono_Bs,2761.519160625024,True
0005,stereo,pop_falldead_duo_BsDr_theme1_stereo_lcr_Dr,pop_falldead_duo_BsDr_theme1_stereo_lcr_Bs,2761.519160625024,True
0005,mono,pop_falldead_duo_GtVx_theme1_mono_Vx,pop_falldead_duo_GtVx_theme1_mono_Gt,1102.7399677463209,True
0005,stereo,pop_falldead_duo_GtVx_theme1_stereo_lcr_Vx,pop_falldead_duo_GtVx_theme1_stereo_lcr_Gt,1102.7399677463209,True
0005,mono,pop_mixtape_duo_BsDr_theme1_mono_Dr,pop_mixtape_duo_BsDr_theme1_mono_Bs,2533.591016565309,True
0005,stereo,pop_mixtape_duo_BsDr_theme2_stereo_lcr_Dr,pop_mixtape_duo_BsDr_theme2_stereo_lcr_Bs,3176.4817977940716,False
0005,stereo,pop_mixtape_duo_GtVx_theme2_stereo_lcr_Vx,pop_mixtape_duo_GtVx_theme2_stereo_lcr_Gt,1127.5770818466003,True
0007,mono,classique_morceau1_duo_CoFl_theme1_mono_Fl,classique_morceau1_duo_CoFl_theme1_mono_Co,2102.6563605564475,False
0007,stereo,classique_morceau1_duo_CoFl_theme2_stereo_lcr_Fl,classique_morceau1_duo_CoFl_theme2_stereo_lcr_Co,1275.5950453630167,True
0007,stereo,classique_morceau1_duo_CoOb_theme1_stereo_lcr_Ob,classique_morceau1_duo_CoOb_theme1_stereo_lcr_Co,1333.2108218322714,True
0007,mono,classique_morceau1_duo_FlOb_theme1_mono_Fl,classique_morceau1_duo_FlOb_theme1_mono_Ob,769.445538724176,False
0007,stereo,classique_morceau1_duo_FlOb_theme1_stereo_lcr_Fl,classique_morceau1_duo_FlOb_theme1_stereo_lcr_Ob,769.445538724176,False
0007,stereo,classique_morceau2_duo_BoFh_theme2_stereo_lcr_Bo,classique_morceau2_duo_BoFh_theme2_stereo_lcr_Fh,107.41975168289332,False
0007,mono,classique_morceau2_duo_BoFl_theme2_mono_Fl,classique_morceau2_duo_BoFl_theme2_mono_Bo,1080.8581593655435,False
0007,stereo,pop_mixtape_duo_BsDr_theme1_stereo_lcr_Dr,pop_mixtape_duo_BsDr_theme1_stereo_lcr_Bs,2533.591016565309,False
0007,mono,pop_mixtape_duo_BsDr_theme2_mono_Dr,pop_mixtape_duo_BsDr_theme2_mono_Bs,3176.4817977940716,True
0008,mono,classique_morceau1_duo_CoFl_theme1_mono_Fl,classique_morceau1_duo_CoFl_theme1_mono_Co,2102.6563605564475,True
0008,stereo,classique_morceau1_duo_FlOb_theme2_stereo_lcr_Fl,classique_morceau1_duo_FlOb_theme2_stereo_lcr_Ob,372.63990155767897,True
0008,mono,classique_morceau2_duo_BoFh_theme1_mono_Bo,classique_morceau2_duo_BoFh_theme1_mono_Fh,157.72312717393584,False
0008,stereo,classique_morceau2_duo_BoFh_theme1_stereo_lcr_Bo,classique_morceau2_duo_BoFh_theme1_stereo_lcr_Fh,157.72312717393584,True
0008,stereo,classique_morceau2_duo_FhFl_theme1_stereo_lcr_Fl,classique_morceau2_duo_FhFl_theme1_stereo_lcr_Fh,2092.5212701594255,True
0008,mono,classique_morceau2_duo_FhFl_theme2_mono_Fl,classique_morceau2_duo_FhFl_theme2_mono_Fh,1188.2779110484369,False
0008,mono,pop_falldead_duo_BsDr_theme1_mono_Dr,pop_falldead_duo_BsDr_theme1_mono_Bs,2761.519160625024,False
0008,stereo,pop_falldead_duo_BsDr_theme1_stereo_lcr_Dr,pop_falldead_duo_BsDr_theme1_stereo_lcr_Bs,2761.519160625024,False
0008,mono,pop_falldead_duo_GtVx_theme1_mono_Vx,pop_falldead_duo_GtVx_theme1_mono_Gt,1102.7399677463209,False
0008,stereo,pop_falldead_duo_GtVx_theme1_stereo_lcr_Vx,pop_falldead_duo_GtVx_theme1_stereo_lcr_Gt,1102.7399677463209,False
0008,stereo,pop_mixtape_duo_GtVx_theme1_stereo_lcr_Vx,pop_mixtape_duo_GtVx_theme1_stereo_lcr_Gt,416.94427435500074,True
0009,stereo,classique_morceau1_duo_CoFl_theme1_stereo_lcr_Fl,classique_morceau1_duo_CoFl_theme1_stereo_lcr_Co,2102.6563605564475,True
0009,mono,classique_morceau1_duo_CoOb_theme2_mono_Ob,classique_morceau1_duo_CoOb_theme2_mono_Co,902.9551438053377,False
0009,mono,classique_morceau1_duo_FlOb_theme2_mono_Fl,classique_morceau1_duo_FlOb_theme2_mono_Ob,372.63990155767897,True
0009,stereo,classique_morceau2_duo_BoFh_theme2_stereo_lcr_Bo,classique_morceau2_duo_BoFh_theme2_stereo_lcr_Fh,107.41975168289332,True
0009,mono,classique_morceau2_duo_BoFl_theme2_mono_Fl,classique_morceau2_duo_BoFl_theme2_mono_Bo,1080.8581593655435,False
0009,mono,classique_morceau2_duo_FhFl_theme2_mono_Fl,classique_morceau2_duo_FhFl_theme2_mono_Fh,1188.2779110484369,True
0009,stereo,classique_morceau2_duo_FhFl_theme2_stereo_lcr_Fl,classique_morceau2_duo_FhFl_theme2_stereo_lcr_Fh,1188.2779110484369,False
0009,mono,pop_falldead_duo_BsDr_theme1_mono_Dr,pop_falldead_duo_BsDr_theme1_mono_Bs,2761.519160625024,False
0009,stereo,pop_falldead_duo_BsDr_theme1_stereo_lcr_Dr,pop_falldead_duo_BsDr_theme1_stereo_lcr_Bs,2761.519160625024,True
0009,mono,pop_falldead_duo_GtVx_theme1_mono_Vx,pop_falldead_duo_GtVx_theme1_mono_Gt,1102.7399677463209,True
0009,stereo,pop_falldead_duo_GtVx_theme1_stereo_lcr_Vx,pop_falldead_duo_GtVx_theme1_stereo_lcr_Gt,1102.7399677463209,False
0009,mono,pop_mixtape_duo_BsDr_theme1_mono_Dr,pop_mixtape_duo_BsDr_theme1_mono_Bs,2533.591016565309,True
0009,stereo,pop_mixtape_duo_BsDr_theme2_stereo_lcr_Dr,pop_mixtape_duo_BsDr_theme2_stereo_lcr_Bs,3176.4817977940716,False
