subject,fold,seg,other,instr,other_instr,n_keep,s_own,s_other,correct
0001,0,0,7,Co,Fl,1533,0.00391362828979671,0.10815000253260998,0
0001,0,7,0,Fl,Co,1533,0.05253930579714607,0.054817348404251946,0
0001,0,10,16,Ob,Fh,1536,0.05373642001354254,-0.12458091075596316,1
0001,0,16,10,Fh,Ob,1536,-0.0191767566402035,0.034177707716946136,0
0001,0,17,25,Fh,Bs,1262,0.13114551773589855,0.1241088709550739,1
0001,0,25,17,Bs,Fh,1262,0.1812337412318612,0.10877027792101203,1
0001,0,29,38,Dr,Vx,1262,-0.08359848849609963,-0.02046631733727423,0
0001,0,38,29,Vx,Dr,1262,0.042301705004880376,0.07196536051037233,0
0001,0,43,47,Bs,Dr,1533,-0.0920008326745879,-0.06880755568321327,0
0001,0,47,43,Dr,Bs,1533,-0.09614183060932714,-0.0448371223363496,0
0001,0,50,54,Gt,Vx,1280,-0.06420154419667125,-0.04051619087389421,0
0001,0,54,50,Vx,Gt,1280,-0.016562179725400174,0.01636087915866701,0
0001,1,3,5,Co,Fl,1533,-0.08823256184567763,-0.05803075624229811,0
0001,1,5,3,Fl,Co,1533,-0.15404502588643357,-0.06106653933641051,0
0001,1,6,11,Fl,Ob,1533,0.0770825477763199,0.05470848461752181,1
0001,1,11,6,Ob,Fl,1533,-0.0009117783207658499,0.08805478236539954,0
0001,1,22,24,Fl,Bs,1262,-0.0008972488447422031,0.10849877885874802,0
0001,1,24,22,Bs,Fl,1262,0.11027634365410899,0.21842531654509537,0
0001,1,36,40,Vx,Bs,1262,-0.002009263659836847,-0.10041869901617073,1
0001,1,40,36,Bs,Vx,1262,0.11253081247368468,0.16532986960922,0
0001,1,39,42,Vx,Bs,1251,-0.1326660739103415,-0.10911755232803261,0
0001,1,42,39,Bs,Vx,1251,0.084713769660175,0.047940340742166965,1
0001,2,1,4,Co,Fl,1536,0.05288548988858352,0.00301948188516953,1
0001,2,4,1,Fl,Co,1536,-0.10715592756253867,0.13144711959838593,0
0001,2,14,18,Bo,Fh,1536,-0.23970424739670695,-0.03803018623526754,0
0001,2,18,14,Fh,Bo,1536,0.03396822449348135,-0.026615059374975724,1
0001,2,26,31,Bs,Dr,1251,0.034761886683043024,0.05737256406350693,0
0001,2,31,26,Dr,Bs,1251,0.09030514588090612,0.11523676673166085,0
0001,2,32,52,Gt,Vx,1262,0.14432699451985567,0.11479988093527034,1
0001,2,52,32,Vx,Gt,1262,0.0584582555003579,0.33897352824921906,0
0001,3,13,21,Bo,Fl,1536,0.027627069406307356,-0.07465966866424657,1
0001,3,21,13,Fl,Bo,1536,0.19637335366742717,-0.1043302624347499,1
0001,3,15,23,Bo,Fl,1533,-0.04452069733721633,-0.21700998515480138,1
0001,3,23,15,Fl,Bo,1533,-0.12091177496026302,-0.05854918866585785,0
0001,3,28,41,Dr,Bs,1262,0.030659524002187587,-0.12268353891978395,1
0001,3,41,28,Bs,Dr,1262,0.07582614378505809,0.09909349735257807,0
0001,3,30,49,Dr,Gt,1262,0.18080094304075223,0.10228673154222516,1
0001,3,49,30,Gt,Dr,1262,-0.041393509374668395,0.050172047409753014,0
0001,3,44,53,Dr,Vx,1536,0.05085526270905999,0.024145010442149492,1
0001,3,53,44,Vx,Dr,1536,-0.035029630427609225,0.05474226725629411,0
0001,4,2,8,Co,Ob,1536,-0.04157147392330434,-0.034878128092748234,0
0001,4,8,2,Ob,Co,1536,-0.008201712089174118,0.15969424398557192,0
0001,4,9,12,Ob,Bo,1536,0.09628679291499664,0.03579706235594626,1
0001,4,12,9,Bo,Ob,1536,-0.007466317381960005,-0.027231644993804215,1
0001,4,19,20,Fh,Fl,1533,-0.0018624716417486517,-0.03972798715400374,1
0001,4,20,19,Fl,Fh,1533,-0.01418637426080363,-0.018067384202165106,1
0001,4,27,37,Bs,Vx,1251,-0.014645338329625536,0.0776558175911851,0
0001,4,37,27,Vx,Bs,1251,-0.060583781045306796,0.17793555100054112,0
0001,4,45,48,Dr,Gt,1280,0.22419255040340524,0.05059582186790932,1
0001,4,48,45,Gt,Dr,1280,-0.11165818820622715,0.023127918311709555,0
0002,0,1,6,Co,Fl,1536,0.010127393454008175,-0.06939842871996194,1
0002,0,6,1,Fl,Co,1536,0.04019927966909286,0.10435617330001072,0
0002,0,13,17,Bo,Fh,1536,0.22471458550868717,0.06406632385357863,1
0002,0,17,13,Fh,Bo,1536,0.02870084792092409,0.013993986549996132,1
0002,0,15,18,Bo,Fh,1533,0.12596279949561218,0.2172605208997204,0
0002,0,18,15,Fh,Bo,1533,-0.24334114925901806,0.010153805050250896,0
0002,0,19,22,Fh,Fl,1533,0.05822825496810365,0.07315177998393539,0
0002,0,22,19,Fl,Fh,1533,0.015206937453670822,0.03001005796460125,0
0002,0,23,42,Fl,Bs,1533,0.11962086757215397,-0.0021321009476621606,1
0002,0,42,23,Bs,Fl,1533,0.022573653742081836,0.03404245524284028,0
0002,0,50,54,Gt,Vx,1280,0.16919332595337502,-0.014987749795404121,1
0002,0,54,50,Vx,Gt,1280,0.16671714082134562,0.1971139234852861,0
0002,1,0,20,Co,Fl,1536,0.1392743320125436,0.09304029296660947,1
0002,1,20,0,Fl,Co,1536,0.10504402875319603,0.06250364578426489,1
0002,1,3,26,Co,Bs,1262,-0.07509408107310317,-0.01052626154290478,0
0002,1,26,3,Bs,Co,1262,0.08821857542820459,0.050942423962960164,1
0002,1,28,34,Dr,Gt,1262,-0.033531150182885223,0.03636779569068222,0
0002,1,34,28,Gt,Dr,1262,0.04695115175063903,-0.2106160192264781,1
0002,1,31,36,Dr,Vx,1251,0.005024089683300836,0.12210969801370238,0
0002,1,36,31,Vx,Dr,1251,-0.04318623535523183,-0.03728265961621695,0
0002,1,45,48,Dr,Gt,1280,0.12268450676887081,-0.012395559236709144,1
0002,1,48,45,Gt,Dr,1280,0.06711531025231886,0.10252480846673129,0
0002,2,4,9,Fl,Ob,1536,0.03215963858325111,-0.07265326929488053,1
0002,2,9,4,Ob,Fl,1536,0.12998535214474158,0.10667631364279949,1
0002,2,11,21,Ob,Fl,1536,0.08953459897493392,0.018451912950465315,1
0002,2,21,11,Fl,Ob,1536,-0.07616448208146563,0.038447285724137865,0
0002,2,29,32,Dr,Gt,1262,0.15568431524352064,0.0021716266368251532,1
0002,2,32,29,Gt,Dr,1262,0.04278655308787286,-0.08725435269324927,1
0002,2,38,46,Vx,Dr,1262,0.06888482058952582,-0.033987015289708204,1
0002,2,46,38,Dr,Vx,1262,0.10540355164961146,0.08043230476772333,1
0002,3,2,7,Co,Fl,1533,-0.11798067284844425,-0.12362727381972245,1
0002,3,7,2,Fl,Co,1533,-0.05237086484891882,0.025784561519153867,0
0002,3,14,24,Bo,Bs,1262,0.04680719542844756,0.08968618959208423,0
0002,3,24,14,Bs,Bo,1262,0.21815535024003338,0.10786732695506433,1
0002,3,33,40,Gt,Bs,1262,0.05386611088338448,-0.15693390272702598,1
0002,3,40,33,Bs,Gt,1262,0.09427346003087152,-0.0783035455597205,1
0002,3,35,41,Gt,Bs,1251,0.27438264928558354,0.1127546973469697,1
0002,3,41,35,Bs,Gt,1251,0.15073487860053028,0.010542764518957451,1
0002,3,44,51,Dr,Gt,1271,-0.006143024037420779,0.032909606642245466,0
0002,3,51,44,Gt,Dr,1271,0.09211521881385576,0.11199849989982213,0
0002,4,5,8,Fl,Ob,1536,0.035185651746299625,0.14366419283741377,0
0002,4,8,5,Ob,Fl,1536,0.13262238418594316,0.054689101933891836,1
0002,4,10,12,Ob,Bo,1536,-0.016597764094752585,0.05720031927475717,0
0002,4,12,10,Bo,Ob,1536,0.1642991437461264,-0.11952540216941006,1
0002,4,16,25,Fh,Bs,1262,0.06289367281784376,-0.12351939779282001,1
0002,4,25,16,Bs,Fh,1262,-0.08182697880933015,-0.11626036172557082,1
0002,4,27,30,Bs,Dr,1251,0.12901150737353384,-0.1151803643269802,1
0002,4,30,27,Dr,Bs,1251,-0.16194659630970085,0.22660027386536,0
0002,4,37,43,Vx,Bs,1262,0.05649549838293868,0.11484149406287203,0
0002,4,43,37,Bs,Vx,1262,-0.012923937041387954,0.2049007145882289,0
0003,0,7,13,Fl,Bo,1533,0.012171316246445608,0.012210552660333539,0
0003,0,13,7,Bo,Fl,1533,0.05598539842229309,0.00419852258578506,1
0003,0,14,19,Bo,Fh,1533,-0.002858053967108379,0.00647040968766865,0
0003,0,19,14,Fh,Bo,1533,0.18985924053270617,0.07642658500115913,1
0003,0,23,26,Fl,Bs,1262,-0.025102414174216894,-0.08043202785440741,1
0003,0,26,23,Bs,Fl,1262,0.009403188565615577,-0.03938517224212213,1
0003,0,28,38,Dr,Vx,1262,0.20151357461712668,0.12232237379970334,1
0003,0,38,28,Vx,Dr,1262,-0.004132291942937512,-0.1954872553938077,1
0003,0,29,50,Dr,Gt,1262,-0.020095329695008997,-0.08669765579658067,1
0003,0,50,29,Gt,Dr,1262,0.08640777197859861,-0.13981565194171122,1
0003,1,1,8,Co,Ob,1536,0.13687634007980898,0.009814591046685694,1
0003,1,8,1,Ob,Co,1536,0.06459717484501824,0.2003609700579341,0
0003,1,18,20,Fh,Fl,1536,0.185430848331995,0.0739913774572193,1
0003,1,20,18,Fl,Fh,1536,-0.031937141426167236,-0.18488053845429434,1
0003,1,21,25,Fl,Bs,1262,0.11301720592618052,0.06058136936312388,1
0003,1,25,21,Bs,Fl,1262,0.045910794238747395,0.014692818921214988,1
0003,1,22,41,Fl,Bs,1536,0.2716792629376415,-0.05170795345294039,1
0003,1,41,22,Bs,Fl,1536,0.031051085054013928,0.08656043257897744,0
0003,1,44,51,Dr,Gt,1271,0.0851373790831157,-0.11479082274197171,1
0003,1,51,44,Gt,Dr,1271,0.01696408816442135,-0.042496335968583064,1
0003,2,4,12,Fl,Bo,1536,0.050346044718967364,0.06779623741411878,0
0003,2,12,4,Bo,Fl,1536,0.003990440789517782,0.010732785883970844,0
0003,2,6,15,Fl,Bo,1533,0.010109293298162014,0.033288276787858784,0
0003,2,15,6,Bo,Fl,1533,-0.13505539042271178,-0.14915638169197648,1
0003,2,32,39,Gt,Vx,1251,0.20322405618555753,0.31481048135778383,0
0003,2,39,32,Vx,Gt,1251,0.2027405164842078,0.18346797307049054,1
0003,2,42,47,Bs,Dr,1533,0.1929566929124349,0.2715009468206931,0
0003,2,47,42,Dr,Bs,1533,0.17057326645638274,0.15502221145341086,1
0003,2,48,54,Gt,Vx,1280,0.08083457620662339,0.019182082422384755,1
0003,2,54,48,Vx,Gt,1280,0.09031972554025185,0.09723646134701648,0
0003,3,0,5,Co,Fl,1536,0.16102325928837843,0.18021919838408404,0
0003,3,5,0,Fl,Co,1536,-0.041882819946218876,-0.035455696936741145,0
0003,3,3,9,Co,Ob,1536,0.017592075286862196,-0.07879562380384902,1
0003,3,9,3,Ob,Co,1536,0.1686386165811972,0.09805793346046994,1
0003,3,10,27,Ob,Bs,1251,0.007965150935595947,-0.08275348579660871,1
0003,3,27,10,Bs,Ob,1251,0.17905972490882385,0.14338166485088444,1
0003,3,33,52,Gt,Vx,1262,0.1881475339271977,-0.05053484189604448,1
0003,3,52,33,Vx,Gt,1262,-0.04107119324547939,-0.07673442137866231,1
0003,3,34,53,Gt,Vx,1262,0.09736311627333034,-0.23088336746712024,1
0003,3,53,34,Vx,Gt,1262,-0.02372497746767135,0.14892171822450012,0
0003,4,2,11,Co,Ob,1533,0.1266865397059348,0.0189134941963334,1
0003,4,11,2,Ob,Co,1533,-0.007046660105263052,-0.06622485148854497,1
0003,4,16,24,Fh,Bs,1262,-0.1474678154992071,-0.17395745790535147,1
0003,4,24,16,Bs,Fh,1262,-0.08073673878670572,0.012680209316360574,0
0003,4,17,31,Fh,Dr,1251,-0.09307133599508033,0.0329983492604547,0
0003,4,31,17,Dr,Fh,1251,0.11292773843958143,-0.17556802112668013,1
0003,4,35,36,Gt,Vx,1251,0.2760912839045629,0.11304041412752587,1
0003,4,36,35,Vx,Gt,1251,0.12991241193409706,0.22561665445678805,0
0003,4,37,40,Vx,Bs,1262,0.030971820624965295,-0.14324599085207165,1
0003,4,40,37,Bs,Vx,1262,0.2128870879591549,0.04142018633024904,1
0004,0,1,5,Co,Fl,1536,0.0906680636568241,-0.10530830220364702,1
0004,0,5,1,Fl,Co,1536,-0.04433023493077131,-0.012919716065334904,0
0004,0,15,16,Bo,Fh,1533,0.08061455574241146,-0.006062879357170897,1
0004,0,16,15,Fh,Bo,1533,0.020065331125189757,0.09138823167065095,0
0004,0,19,22,Fh,Fl,1533,0.03408289729347167,-0.0068924158961892745,1
0004,0,22,19,Fl,Fh,1533,0.11970338046534053,-0.11808832693847121,1
0004,0,35,36,Gt,Vx,1251,0.25066744301419397,0.14017563561144078,1
0004,0,36,35,Vx,Gt,1251,0.07358124824520994,0.029692292453775342,1
0004,0,38,40,Vx,Bs,1262,0.09395907066085829,0.21597077424180253,0
0004,0,40,38,Bs,Vx,1262,0.007294508979751035,0.20355931954951414,0
0004,0,42,47,Bs,Dr,1533,0.057549111645382206,0.09378489211676307,0
0004,0,47,42,Dr,Bs,1533,0.0076399549844403366,0.025643216279187867,0
0004,1,6,9,Fl,Ob,1536,-0.03574262319105113,-0.04519701012292996,1
0004,1,9,6,Ob,Fl,1536,-0.07340751414770184,-0.018866108544446602,0
0004,1,7,12,Fl,Bo,1533,-0.06610295715996906,-0.04230956206161183,0
0004,1,12,7,Bo,Fl,1533,0.03694269410560829,0.03722948548647293,0
0004,1,14,18,Bo,Fh,1536,-0.02326207491785476,-0.122586373496268,1
0004,1,18,14,Fh,Bo,1536,-0.04482417996149856,0.021139932292254637,0
0004,1,20,24,Fl,Bs,1262,0.0771569106772633,-0.019092160764995453,1
0004,1,24,20,Bs,Fl,1262,0.12845923344269775,-0.02106320015988027,1
0004,1,41,50,Bs,Gt,1280,0.12630905655864488,-0.1525075965757469,1
0004,1,50,41,Gt,Bs,1280,0.1365976311158782,0.13783319634370314,0
0004,2,3,4,Co,Fl,1533,0.07829168030939253,-0.037714432764473796,1
0004,2,4,3,Fl,Co,1533,-0.050085978251277787,-0.08704077605329812,1
0004,2,11,17,Ob,Fh,1533,-0.11469657131027866,0.05868086793321712,0
0004,2,17,11,Fh,Ob,1533,-0.044817768095471396,0.0005452994785205278,0
0004,2,23,26,Fl,Bs,1262,0.12559351333023008,-0.11349113825191759,1
0004,2,26,23,Bs,Fl,1262,-0.11936913526872334,-0.3663892204690427,1
0004,2,31,34,Dr,Gt,1251,0.014580290124493356,0.09974488960555133,0
0004,2,34,31,Gt,Dr,1251,0.12260347822701623,0.00654660996505495,1
0004,2,43,53,Bs,Vx,1533,0.06472230244085114,0.040678411370437394,1
0004,2,53,43,Vx,Bs,1533,-0.0048300649802498,-0.1516920895305317,1
0004,3,0,10,Co,Ob,1536,0.18288453636978452,-0.031393751211695124,1
0004,3,10,0,Ob,Co,1536,-0.1571288607557309,0.005724084954460448,0
0004,3,13,30,Bo,Dr,1262,-0.15317805829852582,0.3223976948349785,0
0004,3,30,13,Dr,Bo,1262,-0.031049229557580313,0.2116460106714415,0
0004,3,33,44,Gt,Dr,1262,-0.034235109708435886,-0.1166463311278438,1
0004,3,44,33,Dr,Gt,1262,0.04507667411227754,0.18571508859417263,0
0004,3,45,48,Dr,Gt,1280,0.06594044825921144,-0.07909110790954192,1
0004,3,48,45,Gt,Dr,1280,0.06095611251550368,-0.12451082355174233,1
0004,3,46,49,Dr,Gt,1280,0.17194259620283173,-0.07489602781431708,1
0004,3,49,46,Gt,Dr,1280,0.02507253607360917,0.0012763896528902262,1
0004,4,2,8,Co,Ob,1536,-0.020082203099467805,0.008580704054867392,0
0004,4,8,2,Ob,Co,1536,0.08205414589692668,-0.06446143889956034,1
0004,4,21,25,Fl,Bs,1262,0.1899212665653666,0.1228276822302709,1
0004,4,25,21,Bs,Fl,1262,0.07350058721808317,0.03432073123869373,1
0004,4,27,28,Bs,Dr,1251,-0.07410812402128718,-0.09114956190030377,1
0004,4,28,27,Dr,Bs,1251,0.06993493572467895,-0.06693077997548585,1
0004,4,29,32,Dr,Gt,1262,0.09848020565549902,-0.16651864589692725,1
0004,4,32,29,Gt,Dr,1262,0.08948296037246273,-0.15025871923593548,1
0004,4,37,51,Vx,Gt,1262,0.0029887265100245705,0.09990459235819964,0
0004,4,51,37,Gt,Vx,1262,0.06279819022663065,-0.06293805524521857,1
0005,0,3,4,Co,Fl,1533,0.03627470312055222,0.029696252067665612,1
0005,0,4,3,Fl,Co,1533,-0.02641844258870243,-0.05106535017680571,1
0005,0,13,28,Bo,Dr,1262,0.09882019034976235,-0.07473398689864655,1
0005,0,28,13,Dr,Bo,1262,0.05240772033743616,0.03610791577956363,1
0005,0,15,29,Bo,Dr,1262,-0.09161654915582966,0.06703567241806083,0
0005,0,29,15,Dr,Bo,1262,0.05287047993913082,0.006848043773203967,1
0005,0,30,34,Dr,Gt,1262,-0.11673003118005594,0.04972851175294362,0
0005,0,34,30,Gt,Dr,1262,0.09734343428145768,0.06593365660520345,1
0005,0,38,43,Vx,Bs,1262,0.15369331938704478,0.05619261846145455,1
0005,0,43,38,Bs,Vx,1262,0.12383673479972751,-0.04611351189337387,1
0005,0,46,50,Dr,Gt,1280,0.09833875924496627,0.0012033093356021614,1
0005,0,50,46,Gt,Dr,1280,0.01241820363225355,-0.061635809564137445,1
0005,1,9,14,Ob,Bo,1536,0.11542556836913526,0.09857401759386253,1
0005,1,14,9,Bo,Ob,1536,0.12235410339236667,0.09340043381869352,1
0005,1,17,23,Fh,Fl,1533,0.037623640954150876,-0.09171905311494429,1
0005,1,23,17,Fl,Fh,1533,0.04898097024368595,-0.04343329104933282,1
0005,1,35,40,Gt,Bs,1251,-0.12015860901542008,-0.031502715750763625,0
0005,1,40,35,Bs,Gt,1251,0.06574471001697167,-0.1284513356585114,1
0005,1,47,49,Dr,Gt,1271,-0.05639644381129172,0.010661899732549905,0
0005,1,49,47,Gt,Dr,1271,-0.02329428384342505,0.07349217463865186,0
0005,1,51,53,Gt,Vx,1280,-0.038392854521653856,0.06974505330172871,0
0005,1,53,51,Vx,Gt,1280,-0.04508795605356356,-0.0023309249740358523,0
0005,2,5,12,Fl,Bo,1536,-0.10380458109160025,0.006659024799960964,0
0005,2,12,5,Bo,Fl,1536,-0.01785580192635447,0.045481654757539104,0
0005,2,6,18,Fl,Fh,1536,0.00923839153584899,-0.19276950405785306,1
0005,2,18,6,Fh,Fl,1536,0.07400140608756318,0.07806942600858499,0
0005,2,21,27,Fl,Bs,1251,0.013163559024768989,0.035143368972194715,0
0005,2,27,21,Bs,Fl,1251,-0.10117955987894918,0.004770420282808896,0
0005,2,36,42,Vx,Bs,1262,0.1186251983844903,-0.018367153862804107,1
0005,2,42,36,Bs,Vx,1262,-0.00857919027615002,0.12914679553094813,0
0005,2,37,48,Vx,Gt,1262,-0.04141565554723042,0.10431991835611927,0
0005,2,48,37,Gt,Vx,1262,-0.14638204209005828,-0.1250635356226464,0
0005,3,1,7,Co,Fl,1536,0.022676059921491104,-0.004197043314906869,1
0005,3,7,1,Fl,Co,1536,-0.009432396347627778,-0.15569020593727936,1
0005,3,8,16,Ob,Fh,1536,-0.024084186282006908,0.024380626137788016,0
0005,3,16,8,Fh,Ob,1536,-0.02014652928376986,0.008508236999474427,0
0005,3,11,19,Ob,Fh,1533,-0.037869279130238,-0.21077501875228097,1
0005,3,19,11,Fh,Ob,1533,-0.03680464359699085,0.05160810299270952,0
0005,3,20,31,Fl,Dr,1251,0.17961547175583492,-0.02052491713782016,1
0005,3,31,20,Dr,Fl,1251,0.21234418398304208,-0.19819997546231063,1
0005,3,41,44,Bs,Dr,1280,-0.03585605576131493,-0.1549877726539188,1
0005,3,44,41,Dr,Bs,1280,-0.20801973959405726,-0.16512390925187492,0
0005,4,0,10,Co,Ob,1536,-0.007914260382805982,0.09492010098294312,0
0005,4,10,0,Ob,Co,1536,0.056679164457139074,0.18331501037690512,0
0005,4,2,22,Co,Fl,1536,0.14768107984619142,0.031619444356776764,1
0005,4,22,2,Fl,Co,1536,-0.017016344991009884,-0.18697627897984523,1
0005,4,24,32,Bs,Gt,1262,-0.04908919331450443,-0.012039241303182865,0
0005,4,32,24,Gt,Bs,1262,-0.07786127329962328,-0.1341253021853628,1
0005,4,25,33,Bs,Gt,1262,-0.14184698086688244,-0.13074920686810856,0
0005,4,33,25,Gt,Bs,1262,-0.08688945953411249,-0.01533350746853906,0
0005,4,26,39,Bs,Vx,1251,0.05871964022782769,0.16152230325399317,0
0005,4,39,26,Vx,Bs,1251,0.20578555693336717,-0.020084105782872612,1
0007,0,2,9,Co,Ob,1536,0.04029638857607166,-0.043109202724363006,1
0007,0,9,2,Ob,Co,1536,-0.03960953634678865,-0.06450767983831303,1
0007,0,3,14,Co,Bs,1280,0.054142312858667864,-0.1246326761267159,1
0007,0,14,3,Bs,Co,1280,-0.0033712676327438355,-0.01498871361088031,1
0007,0,19,26,Dr,Vx,1533,-0.06261947574444421,-0.023792579444872893,0
0007,0,26,19,Vx,Dr,1533,-0.03622514373148774,-0.14258302931967262,1
0007,1,1,7,Co,Fl,1533,0.007840645133230942,-0.004225518941703176,1
0007,1,7,1,Fl,Co,1533,-0.08859099380117041,-0.046407674205532344,0
0007,1,20,25,Gt,Vx,1280,-0.026802415810758835,0.006579679920539674,0
0007,1,25,20,Vx,Gt,1280,0.160329358845679,0.03757203032107538,1
0007,1,21,27,Gt,Vx,1280,-0.04021361028105828,0.0322101417197987,0
0007,1,27,21,Vx,Gt,1280,-0.020182897796484616,0.0030305379930504702,0
0007,2,4,8,Fl,Ob,1536,0.006605457787763835,0.024577771897229646,0
0007,2,8,4,Ob,Fl,1536,-0.19824501110325699,-0.10409011566861394,0
0007,2,12,16,Bs,Dr,1280,-0.09247808577401799,0.02192554878102576,0
0007,2,16,12,Dr,Bs,1280,0.052328946052474234,-0.1857764360233015,1
0007,3,10,13,Ob,Bs,1280,0.06928404535588814,-0.005614131415754193,1
0007,3,13,10,Bs,Ob,1280,-0.08188677189823425,0.007294320615671281,0
0007,3,15,17,Bs,Dr,1271,-0.025343912363614923,-0.02972983143434944,1
0007,3,17,15,Dr,Bs,1271,-0.08501277496823874,-0.06478710630010011,0
0007,4,0,5,Co,Fl,1536,0.19325648196144973,0.09325497676897661,1
0007,4,5,0,Fl,Co,1536,0.01605021687566972,-0.0981976894565172,1
0007,4,6,11,Fl,Ob,1536,-0.09933685305315627,0.01074279986747177,0
0007,4,11,6,Ob,Fl,1536,0.04031019359952764,-0.02286185752619539,1
0008,0,0,7,Co,Fl,1533,0.109753316366149,0.0450578737576016,1
0008,0,7,0,Fl,Co,1533,0.08855348530410405,0.1978518957509685,0
0008,0,1,10,Co,Ob,1792,0.24039679156906268,0.12945781638947548,1
0008,0,10,1,Ob,Co,1792,0.03317090473779594,-0.10749512208530317,1
0008,0,11,15,Ob,Bo,1533,-0.007338182571127719,-0.0028045745907653457,0
0008,0,15,11,Bo,Ob,1533,0.16312360631284087,0.11107210659166795,1
0008,0,24,38,Bs,Vx,1262,0.14147396168053714,-0.09219022357690303,1
0008,0,38,24,Vx,Bs,1262,0.20633892728955217,0.05940152296848831,1
0008,0,26,46,Bs,Dr,1262,0.1287548747927673,0.13921504130556714,0
0008,0,46,26,Dr,Bs,1262,-0.06821050784761501,-0.0021728161795506544,0
0008,1,3,4,Co,Fl,1536,0.09947144336642018,0.00043374036189583926,1
0008,1,4,3,Fl,Co,1536,0.2206140166595596,0.24933972221173895,0
0008,1,19,22,Fh,Fl,1533,-0.15320399011380217,-0.0577615788802416,0
0008,1,22,19,Fl,Fh,1533,-0.021242523897221127,0.030354631287856818,0
0008,1,28,37,Dr,Vx,1262,0.12422836084616913,0.21639990501591874,0
0008,1,37,28,Vx,Dr,1262,0.028382640663888927,0.021051442765755185,1
0008,1,31,42,Dr,Bs,1251,0.22349338099418403,0.24964810362764123,0
0008,1,42,31,Bs,Dr,1251,-0.06571873608336785,0.16381258845852867,0
0008,1,44,50,Dr,Gt,1280,-0.0015910549350901665,-0.08097786887473006,1
0008,1,50,44,Gt,Dr,1280,0.03746663777361028,0.0635419825380077,0
0008,2,5,9,Fl,Ob,1536,-0.060819215388567584,-0.12982128963987608,1
0008,2,9,5,Ob,Fl,1536,0.13719930983050957,0.0584974999157725,1
0008,2,16,23,Fh,Fl,1533,-0.10898306132527373,-0.00279707562940189,0
0008,2,23,16,Fl,Fh,1533,0.06586304650079337,0.0631452753882931,1
0008,2,29,32,Dr,Gt,1262,0.10289294140258597,-0.1260403026641871,1
0008,2,32,29,Gt,Dr,1262,-0.11482801294154647,-0.12049452655244515,1
0008,2,30,36,Dr,Vx,1262,0.015101856549161866,-0.0861519373270292,1
0008,2,36,30,Vx,Dr,1262,0.07842342118227277,0.04099844755289268,1
0008,2,43,47,Bs,Dr,1271,0.2565475636533467,0.1656635097118765,1
0008,2,47,43,Dr,Bs,1271,-0.05973745545489554,0.09363811185686981,0
0008,3,2,12,Co,Bo,1536,0.1424108414063404,0.019766336102989914,1
0008,3,12,2,Bo,Co,1536,0.11532970395177981,0.11415513756714174,1
0008,3,14,20,Bo,Fl,1536,0.10681329033787292,-0.0569107829014003,1
0008,3,20,14,Fl,Bo,1536,0.08644304190155566,-0.15089153941404262,1
0008,3,25,33,Bs,Gt,1262,-0.06536022223653926,-0.0014227680802613638,0
0008,3,33,25,Gt,Bs,1262,0.25715037751405867,0.1400278707882103,1
0008,3,34,39,Gt,Vx,1251,0.18493560150464972,-0.1802801250404944,1
0008,3,39,34,Vx,Gt,1251,-0.14971231804150933,0.14291666874479614,0
0008,4,6,8,Fl,Ob,1536,-0.005390152449481667,-0.10283557166334904,1
0008,4,8,6,Ob,Fl,1536,0.11300433793782742,0.04251340578156748,1
0008,4,13,17,Bo,Fh,1536,-0.14755112732086537,-0.12702097238355478,0
0008,4,17,13,Fh,Bo,1536,-0.004641268807258595,-0.07339550064603002,1
0008,4,18,21,Fh,Fl,1536,-0.08417911434863572,-0.0031859580402605263,0
0008,4,21,18,Fl,Fh,1536,0.01423406679063891,0.19296978442613935,0
0008,4,27,53,Bs,Vx,1251,-0.010309341337285916,-0.028723798927775865,1
0008,4,53,27,Vx,Bs,1251,-0.1843399706664833,-0.11096555002598463,0
0008,4,40,54,Bs,Vx,1280,0.016712783280530417,0.05222237095355805,0
0008,4,54,40,Vx,Bs,1280,0.26102970389038976,0.20724914035321565,1
0009,0,2,9,Co,Ob,1536,0.106866479952967,-0.02502027650760932,1
0009,0,9,2,Ob,Co,1536,-0.05614840065759516,-0.03658972047648081,0
0009,0,15,18,Bo,Fh,1533,-0.07280470419120356,0.037861289411498286,0
0009,0,18,15,Fh,Bo,1533,0.07967242693597541,0.06205201498402344,1
0009,0,20,27,Fl,Bs,1251,0.0692955797180611,0.11600615424640941,0
0009,0,27,20,Bs,Fl,1251,-0.027444618108814014,-0.10639246957502337,1
0009,0,21,28,Fl,Dr,1262,0.10493892048523841,0.13907844301469,0
0009,0,28,21,Dr,Fl,1262,-0.0735450004631428,0.002271422990961138,0
0009,0,38,43,Vx,Bs,1262,-0.12286422839745974,0.07774609436981687,0
0009,0,43,38,Bs,Vx,1262,0.12021252805530747,-0.1936548058114308,1
0009,0,46,55,Dr,Vx,1280,0.024905188059154166,0.0013195791514943693,1
0009,0,55,46,Vx,Dr,1280,0.1034566752602859,0.013441285574178207,1
0009,1,3,4,Co,Fl,1533,0.09824516228607827,-0.016989267895357367,1
0009,1,4,3,Fl,Co,1533,0.028042106516972157,0.0829692468087815,0
0009,1,8,12,Ob,Bo,1536,-0.09915218333705555,-0.11496795743830561,1
0009,1,12,8,Bo,Ob,1536,0.03538863386129871,0.09633535391073578,0
0009,1,13,30,Bo,Dr,1262,-0.010494265301447895,-0.046832712131118115,1
0009,1,30,13,Dr,Bo,1262,0.00048716719131244407,0.0011001911338939581,0
0009,1,31,36,Dr,Vx,1251,0.18990678750847909,0.2555125089668864,0
0009,1,36,31,Vx,Dr,1251,0.13016672643426566,0.09383194438612082,1
0009,1,40,52,Bs,Vx,1536,-0.07300690343641454,0.00856148436209322,0
0009,1,52,40,Vx,Bs,1536,0.011042291976935495,-0.09126695951732726,1
0009,2,7,14,Fl,Bo,1536,-0.10216518311912177,-0.09314576087457622,0
0009,2,14,7,Bo,Fl,1536,-0.11427385226399273,-0.12471210247327531,1
0009,2,23,26,Fl,Bs,1262,-0.16434112542861015,-0.04387031166531202,0
0009,2,26,23,Bs,Fl,1262,0.1820691016455307,-0.08280432737534905,1
0009,2,32,37,Gt,Vx,1262,0.11681837260931834,0.1783309084329268,0
0009,2,37,32,Vx,Gt,1262,0.45409106431610863,0.20091569882519966,1
0009,2,33,41,Gt,Bs,1262,-0.021204994650288456,0.016790189255494015,0
0009,2,41,33,Bs,Gt,1262,-0.020183182088591073,0.04870346015422872,0
0009,2,44,50,Dr,Gt,1280,0.02341455518030287,0.011411862446548814,1
0009,2,50,44,Gt,Dr,1280,0.07055200855445959,0.18332606790001424,0
0009,3,0,5,Co,Fl,1536,-0.011925391754266317,0.03928787195871622,0
0009,3,5,0,Fl,Co,1536,-0.04453991974546692,0.061489751687221046,0
0009,3,1,6,Co,Fl,1536,-0.06430580560361465,0.025599145910486714,0
0009,3,6,1,Fl,Co,1536,-0.17578107413607436,-0.08424967006787236,0
0009,3,10,16,Ob,Fh,1536,-0.19757362596290476,-0.1123227631742917,0
0009,3,16,10,Fh,Ob,1536,0.03416394977166257,-0.02065802572227142,1
0009,3,11,24,Ob,Bs,1262,0.016967718512598127,0.0983935382888156,0
0009,3,24,11,Bs,Ob,1262,-0.0493830468055391,-0.009704298500192164,0
0009,3,45,53,Dr,Vx,1280,0.038406380066284385,-0.04786680154206915,1
0009,3,53,45,Vx,Dr,1280,0.0635157185080497,0.12148664304332497,0
0009,4,17,22,Fh,Fl,1536,-0.2867817006149936,-0.10709754038946255,0
0009,4,22,17,Fl,Fh,1536,-0.019961362153930896,0.021010274788907962,0
0009,4,19,25,Fh,Bs,1262,-0.08820815619585043,-0.1808017693589314,1
0009,4,25,19,Bs,Fh,1262,0.12815522780153293,-0.061359616518843335,1
0009,4,29,34,Dr,Gt,1262,0.15173683893461118,-0.10197315685673447,1
0009,4,34,29,Gt,Dr,1262,0.1642078472006706,0.10490659533057733,1
0009,4,35,39,Gt,Vx,1251,-0.035167686114775436,0.07310222689763955,0
0009,4,39,35,Vx,Gt,1251,0.05346967369444546,0.06650201168318581,0
