subject,stim,rep,pos_instrument,neg_instrument,pos_start_s,neg_start_s,margin,correct
0001,pop_falldead_solo_Bs_theme1_mono,0,Bs,Dr,0.0,0.0,-0.2679438591003418,0
0001,pop_falldead_solo_Bs_theme1_mono,0,Bs,Dr,1.0,1.0,-0.7627758979797363,0
0001,pop_falldead_solo_Bs_theme1_mono,0,Bs,Dr,2.0,2.0,-1.1338627338409424,0
0001,pop_falldead_solo_Bs_theme1_mono,1,Bs,Dr,0.0,0.0,0.30986928939819336,1
0001,pop_falldead_solo_Bs_theme1_mono,1,Bs,Dr,1.0,1.0,0.23783032596111298,1
0001,pop_falldead_solo_Bs_theme1_mono,1,Bs,Dr,2.0,2.0,-0.4937776029109955,0
0001,pop_falldead_solo_Bs_theme1_mono,2,Bs,Dr,0.0,0.0,-0.8551108241081238,0
0001,pop_falldead_solo_Bs_theme1_mono,2,Bs,Dr,1.0,1.0,-0.006126224994659424,0
0001,pop_falldead_solo_Bs_theme1_mono,2,Bs,Dr,2.0,2.0,-0.33328065276145935,0
0001,pop_falldead_solo_Bs_theme1_mono,3,Bs,Dr,0.0,0.0,-1.1189508438110352,0
0001,pop_falldead_solo_Bs_theme1_mono,3,Bs,Dr,1.0,1.0,-0.8467055559158325,0
0001,pop_falldead_solo_Bs_theme1_mono,3,Bs,Dr,2.0,2.0,-0.21562796831130981,0
0001,pop_falldead_solo_Dr_theme1_mono,0,Dr,Bs,0.0,0.0,-0.2508923411369324,0
0001,pop_falldead_solo_Dr_theme1_mono,0,Dr,Bs,1.0,1.0,-0.15323910117149353,0
0001,pop_falldead_solo_Dr_theme1_mono,0,Dr,Bs,2.0,2.0,0.05254101753234863,1
0001,pop_falldead_solo_Dr_theme1_mono,1,Dr,Bs,0.0,0.0,0.7953033447265625,1
0001,pop_falldead_solo_Dr_theme1_mono,1,Dr,Bs,1.0,1.0,0.5918530821800232,1
0001,pop_falldead_solo_Dr_theme1_mono,1,Dr,Bs,2.0,2.0,-0.38030391931533813,0
0001,pop_falldead_solo_Dr_theme1_mono,2,Dr,Bs,0.0,0.0,-0.4036223292350769,0
0001,pop_falldead_solo_Dr_theme1_mono,2,Dr,Bs,1.0,1.0,-0.07448074221611023,0
0001,pop_falldead_solo_Dr_theme1_mono,2,Dr,Bs,2.0,2.0,0.21782827377319336,1
0001,pop_falldead_solo_Dr_theme1_mono,3,Dr,Bs,0.0,0.0,-0.22910790145397186,0
0001,pop_falldead_solo_Dr_theme1_mono,3,Dr,Bs,1.0,1.0,-0.6502237915992737,0
0001,pop_falldead_solo_Dr_theme1_mono,3,Dr,Bs,2.0,2.0,0.01064540445804596,1
0003,classique_morceau2_solo_Bo_theme2_mono,0,Bo,Fl,0.0,0.0,0.5649822950363159,1
0003,classique_morceau2_solo_Bo_theme2_mono,0,Bo,Fl,1.0,1.0,0.37914741039276123,1
0003,classique_morceau2_solo_Bo_theme2_mono,0,Bo,Fl,2.0,2.0,1.009738802909851,1
0003,classique_morceau2_solo_Bo_theme2_mono,0,Bo,Fl,3.0,3.0,0.42874830961227417,1
0003,classique_morceau2_solo_Bo_theme2_mono,0,Bo,Fl,4.0,4.0,1.4498648643493652,1
0003,classique_morceau2_solo_Bo_theme2_mono,1,Bo,Fl,0.0,0.0,0.37900251150131226,1
0003,classique_morceau2_solo_Bo_theme2_mono,1,Bo,Fl,1.0,1.0,-0.37045150995254517,0
0003,classique_morceau2_solo_Bo_theme2_mono,1,Bo,Fl,2.0,2.0,-0.7787429690361023,0
0003,classique_morceau2_solo_Bo_theme2_mono,1,Bo,Fl,3.0,3.0,-0.12258225679397583,0
0003,classique_morceau2_solo_Bo_theme2_mono,1,Bo,Fl,4.0,4.0,0.9694199562072754,1
0003,classique_morceau2_solo_Bo_theme2_mono,2,Bo,Fl,0.0,0.0,0.5790162086486816,1
0003,classique_morceau2_solo_Bo_theme2_mono,2,Bo,Fl,1.0,1.0,1.7325307130813599,1
0003,classique_morceau2_solo_Bo_theme2_mono,2,Bo,Fl,2.0,2.0,1.5812606811523438,1
0003,classique_morceau2_solo_Bo_theme2_mono,2,Bo,Fl,3.0,3.0,1.597154974937439,1
0003,classique_morceau2_solo_Bo_theme2_mono,2,Bo,Fl,4.0,4.0,1.7723023891448975,1
0003,classique_morceau2_solo_Bo_theme2_mono,3,Bo,Fl,0.0,0.0,0.7269328832626343,1
0003,classique_morceau2_solo_Bo_theme2_mono,3,Bo,Fl,1.0,1.0,0.515583336353302,1
0003,classique_morceau2_solo_Bo_theme2_mono,3,Bo,Fl,2.0,2.0,0.7994297742843628,1
0003,classique_morceau2_solo_Bo_theme2_mono,3,Bo,Fl,3.0,3.0,0.4392714500427246,1
0003,classique_morceau2_solo_Fl_theme1_mono,0,Fl,Bo,0.0,0.0,0.5465058088302612,1
0003,classique_morceau2_solo_Fl_theme1_mono,0,Fl,Bo,1.0,1.0,1.0713295936584473,1
0003,classique_morceau2_solo_Fl_theme1_mono,0,Fl,Bo,2.0,2.0,0.9361127018928528,1
0003,classique_morceau2_solo_Fl_theme1_mono,0,Fl,Bo,3.0,3.0,0.9842693209648132,1
0003,classique_morceau2_solo_Fl_theme1_mono,0,Fl,Bo,4.0,4.0,1.0569217205047607,1
0003,classique_morceau2_solo_Fl_theme1_mono,1,Fl,Bo,0.0,0.0,1.14975905418396,1
0003,classique_morceau2_solo_Fl_theme1_mono,1,Fl,Bo,1.0,1.0,1.2096316814422607,1
0003,classique_morceau2_solo_Fl_theme1_mono,1,Fl,Bo,2.0,2.0,1.0818510055541992,1
0003,classique_morceau2_solo_Fl_theme1_mono,1,Fl,Bo,3.0,3.0,0.9044430255889893,1
0003,classique_morceau2_solo_Fl_theme1_mono,1,Fl,Bo,4.0,4.0,1.3066529035568237,1
0003,classique_morceau2_solo_Fl_theme1_mono,2,Fl,Bo,0.0,0.0,0.8441877365112305,1
0003,classique_morceau2_solo_Fl_theme1_mono,2,Fl,Bo,1.0,1.0,1.2111047506332397,1
0003,classique_morceau2_solo_Fl_theme1_mono,2,Fl,Bo,2.0,2.0,1.305361270904541,1
0003,classique_morceau2_solo_Fl_theme1_mono,2,Fl,Bo,3.0,3.0,1.115545392036438,1
0003,classique_morceau2_solo_Fl_theme1_mono,2,Fl,Bo,4.0,4.0,1.332884669303894,1
0003,classique_morceau2_solo_Fl_theme1_mono,3,Fl,Bo,0.0,0.0,1.1550804376602173,1
0003,classique_morceau2_solo_Fl_theme1_mono,3,Fl,Bo,1.0,1.0,1.2164969444274902,1
0003,classique_morceau2_solo_Fl_theme1_mono,3,Fl,Bo,2.0,2.0,1.0765933990478516,1
0003,classique_morceau2_solo_Fl_theme1_mono,3,Fl,Bo,3.0,3.0,1.0113236904144287,1
0003,pop_falldead_solo_Dr_theme1_mono,0,Dr,Gt,0.0,0.0,-0.3190692365169525,0
0003,pop_falldead_solo_Dr_theme1_mono,0,Dr,Gt,1.0,1.0,-0.26039955019950867,0
0003,pop_falldead_solo_Dr_theme1_mono,0,Dr,Gt,2.0,2.0,-0.7604550123214722,0
0003,pop_falldead_solo_Dr_theme1_mono,0,Dr,Vx,0.0,0.0,0.3691793382167816,1
0003,pop_falldead_solo_Dr_theme1_mono,0,Dr,Vx,1.0,1.0,0.514784038066864,1
0003,pop_falldead_solo_Dr_theme1_mono,0,Dr,Vx,2.0,2.0,0.1677880883216858,1
0003,pop_falldead_solo_Dr_theme1_mono,1,Dr,Gt,0.0,0.0,-0.3437061011791229,0
0003,pop_falldead_solo_Dr_theme1_mono,1,Dr,Gt,1.0,1.0,-0.1097789779305458,0
0003,pop_falldead_solo_Dr_theme1_mono,1,Dr,Gt,2.0,2.0,0.2154712826013565,1
0003,pop_falldead_solo_Dr_theme1_mono,1,Dr,Vx,0.0,0.0,0.43455883860588074,1
0003,pop_falldead_solo_Dr_theme1_mono,1,Dr,Vx,1.0,1.0,0.40470707416534424,1
0003,pop_falldead_solo_Dr_theme1_mono,1,Dr,Vx,2.0,2.0,0.3164471685886383,1
0003,pop_falldead_solo_Dr_theme1_mono,2,Dr,Gt,0.0,0.0,-0.5475199818611145,0
0003,pop_falldead_solo_Dr_theme1_mono,2,Dr,Gt,1.0,1.0,-0.3159107565879822,0
0003,pop_falldead_solo_Dr_theme1_mono,2,Dr,Gt,2.0,2.0,0.2704956829547882,1
0003,pop_falldead_solo_Dr_theme1_mono,2,Dr,Vx,0.0,0.0,0.663529634475708,1
0003,pop_falldead_solo_Dr_theme1_mono,2,Dr,Vx,1.0,1.0,0.4563126564025879,1
0003,pop_falldead_solo_Dr_theme1_mono,2,Dr,Vx,2.0,2.0,0.5275031924247742,1
0003,pop_falldead_solo_Dr_theme1_mono,3,Dr,Gt,0.0,0.0,-0.10059188306331635,0
0003,pop_falldead_solo_Dr_theme1_mono,3,Dr,Gt,1.0,1.0,-0.1703091710805893,0
0003,pop_falldead_solo_Dr_theme1_mono,3,Dr,Gt,2.0,2.0,-0.5831264853477478,0
0003,pop_falldead_solo_Dr_theme1_mono,3,Dr,Vx,0.0,0.0,0.43331003189086914,1
0003,pop_falldead_solo_Dr_theme1_mono,3,Dr,Vx,1.0,1.0,0.32484179735183716,1
0003,pop_falldead_solo_Dr_theme1_mono,3,Dr,Vx,2.0,2.0,0.7306498885154724,1
0003,pop_falldead_solo_Gt_theme1_mono,0,Gt,Dr,0.0,0.0,0.37103915214538574,1
0003,pop_falldead_solo_Gt_theme1_mono,0,Gt,Dr,2.0,2.0,0.41509103775024414,1
0003,pop_falldead_solo_Gt_theme1_mono,0,Gt,Vx,0.0,0.0,0.6301941871643066,1
0003,pop_falldead_solo_Gt_theme1_mono,0,Gt,Vx,2.0,2.0,0.649135947227478,1
0003,pop_falldead_solo_Gt_theme1_mono,1,Gt,Dr,1.0,1.0,0.4510505795478821,1
0003,pop_falldead_solo_Gt_theme1_mono,1,Gt,Vx,1.0,1.0,1.3717212677001953,1
0003,pop_falldead_solo_Gt_theme1_mono,2,Gt,Dr,0.0,0.0,0.15552154183387756,1
0003,pop_falldead_solo_Gt_theme1_mono,2,Gt,Vx,0.0,0.0,0.4957781136035919,1
0003,pop_falldead_solo_Gt_theme1_mono,3,Gt,Dr,0.0,0.0,-0.5021406412124634,0
0003,pop_falldead_solo_Gt_theme1_mono,3,Gt,Dr,2.0,2.0,0.7945607900619507,1
0003,pop_falldead_solo_Gt_theme1_mono,3,Gt,Vx,0.0,0.0,0.292402446269989,1
0003,pop_falldead_solo_Gt_theme1_mono,3,Gt,Vx,2.0,2.0,1.1431368589401245,1
0003,pop_falldead_solo_Vx_theme1_mono,0,Vx,Dr,0.0,0.0,-0.7790563106536865,0
0003,pop_falldead_solo_Vx_theme1_mono,0,Vx,Dr,1.0,1.0,-0.4364907145500183,0
0003,pop_falldead_solo_Vx_theme1_mono,0,Vx,Dr,2.0,2.0,0.0781591534614563,1
0003,pop_falldead_solo_Vx_theme1_mono,0,Vx,Gt,0.0,0.0,-1.2454426288604736,0
0003,pop_falldead_solo_Vx_theme1_mono,0,Vx,Gt,1.0,1.0,-0.7255858182907104,0
0003,pop_falldead_solo_Vx_theme1_mono,0,Vx,Gt,2.0,2.0,-0.45558255910873413,0
0003,pop_falldead_solo_Vx_theme1_mono,1,Vx,Dr,0.0,0.0,-0.9994405508041382,0
0003,pop_falldead_solo_Vx_theme1_mono,1,Vx,Dr,1.0,1.0,-0.24744054675102234,0
0003,pop_falldead_solo_Vx_theme1_mono,1,Vx,Dr,2.0,2.0,-0.025997698307037354,0
0003,pop_falldead_solo_Vx_theme1_mono,1,Vx,Gt,0.0,0.0,-1.3856091499328613,0
0003,pop_falldead_solo_Vx_theme1_mono,1,Vx,Gt,1.0,1.0,-0.8314298987388611,0
0003,pop_falldead_solo_Vx_theme1_mono,1,Vx,Gt,2.0,2.0,-0.439454048871994,0
0003,pop_falldead_solo_Vx_theme1_mono,2,Vx,Dr,0.0,0.0,-0.5845181941986084,0
0003,pop_falldead_solo_Vx_theme1_mono,2,Vx,Dr,1.0,1.0,-0.43034398555755615,0
0003,pop_falldead_solo_Vx_theme1_mono,2,Vx,Dr,2.0,2.0,-0.8063395023345947,0
0003,pop_falldead_solo_Vx_theme1_mono,2,Vx,Gt,0.0,0.0,-0.998671293258667,0
0003,pop_falldead_solo_Vx_theme1_mono,2,Vx,Gt,1.0,1.0,-0.4546356499195099,0
0003,pop_falldead_solo_Vx_theme1_mono,2,Vx,Gt,2.0,2.0,-0.994846761226654,0
0003,pop_falldead_solo_Vx_theme1_mono,3,Vx,Dr,0.0,0.0,-0.2781018614768982,0
0003,pop_falldead_solo_Vx_theme1_mono,3,Vx,Dr,1.0,1.0,0.11456423997879028,1
0003,pop_falldead_solo_Vx_theme1_mono,3,Vx,Dr,2.0,2.0,-0.0003306865692138672,0
0003,pop_falldead_solo_Vx_theme1_mono,3,Vx,Gt,0.0,0.0,-0.4496496915817261,0
0003,pop_falldead_solo_Vx_theme1_mono,3,Vx,Gt,1.0,1.0,-0.9818029999732971,0
0003,pop_falldead_solo_Vx_theme1_mono,3,Vx,Gt,2.0,2.0,-0.5935077667236328,0
0003,pop_mixtape_solo_Gt_theme1_mono,0,Gt,Dr,1.0,1.0,0.8623125553131104,1
0003,pop_mixtape_solo_Gt_theme1_mono,0,Gt,Dr,3.0,3.0,1.1113808155059814,1
0003,pop_mixtape_solo_Gt_theme1_mono,0,Gt,Vx,1.0,1.0,-0.04900467395782471,0
0003,pop_mixtape_solo_Gt_theme1_mono,0,Gt,Vx,3.0,3.0,-0.04400014877319336,0
0003,pop_mixtape_solo_Gt_theme1_mono,1,Gt,Dr,2.0,2.0,-0.07865513861179352,0
0003,pop_mixtape_solo_Gt_theme1_mono,1,Gt,Vx,2.0,2.0,-0.4036417007446289,0
0003,pop_mixtape_solo_Gt_theme1_mono,2,Gt,Dr,0.0,0.0,0.15996871888637543,1
0003,pop_mixtape_solo_Gt_theme1_mono,2,Gt,Dr,2.0,2.0,-0.014623850584030151,0
0003,pop_mixtape_solo_Gt_theme1_mono,2,Gt,Vx,0.0,0.0,-0.8020941019058228,0
0003,pop_mixtape_solo_Gt_theme1_mono,2,Gt,Vx,2.0,2.0,-1.0761299133300781,0
0003,pop_mixtape_solo_Gt_theme1_mono,3,Gt,Dr,0.0,0.0,0.027069732546806335,1
0003,pop_mixtape_solo_Gt_theme1_mono,3,Gt,Vx,0.0,0.0,-0.996717095375061,0
0008,pop_mixtape_solo_Bs_theme2_mono,0,Bs,Dr,0.0,0.0,-0.039021313190460205,0
0008,pop_mixtape_solo_Bs_theme2_mono,0,Bs,Dr,1.0,1.0,0.3991033136844635,1
0008,pop_mixtape_solo_Bs_theme2_mono,0,Bs,Dr,2.0,2.0,0.4796558916568756,1
0008,pop_mixtape_solo_Bs_theme2_mono,0,Bs,Dr,3.0,3.0,0.5390039682388306,1
0008,pop_mixtape_solo_Bs_theme2_mono,1,Bs,Dr,0.0,0.0,0.8739442229270935,1
0008,pop_mixtape_solo_Bs_theme2_mono,1,Bs,Dr,1.0,1.0,0.7884750366210938,1
0008,pop_mixtape_solo_Bs_theme2_mono,1,Bs,Dr,2.0,2.0,0.6654069423675537,1
0008,pop_mixtape_solo_Bs_theme2_mono,1,Bs,Dr,3.0,3.0,0.07354062795639038,1
0008,pop_mixtape_solo_Bs_theme2_mono,2,Bs,Dr,0.0,0.0,0.6694054007530212,1
0008,pop_mixtape_solo_Bs_theme2_mono,2,Bs,Dr,1.0,1.0,0.47937723994255066,1
0008,pop_mixtape_solo_Bs_theme2_mono,2,Bs,Dr,2.0,2.0,0.6477788090705872,1
0008,pop_mixtape_solo_Bs_theme2_mono,2,Bs,Dr,3.0,3.0,1.2716741561889648,1
0008,pop_mixtape_solo_Bs_theme2_mono,3,Bs,Dr,0.0,0.0,0.7891209721565247,1
0008,pop_mixtape_solo_Bs_theme2_mono,3,Bs,Dr,1.0,1.0,0.8013995289802551,1
0008,pop_mixtape_solo_Bs_theme2_mono,3,Bs,Dr,2.0,2.0,0.7999045252799988,1
0008,pop_mixtape_solo_Dr_theme1_mono,0,Dr,Bs,0.0,0.0,0.4038849472999573,1
0008,pop_mixtape_solo_Dr_theme1_mono,0,Dr,Bs,1.0,1.0,0.40723806619644165,1
0008,pop_mixtape_solo_Dr_theme1_mono,0,Dr,Bs,2.0,2.0,0.6018704771995544,1
0008,pop_mixtape_solo_Dr_theme1_mono,0,Dr,Bs,3.0,3.0,0.5103408694267273,1
0008,pop_mixtape_solo_Dr_theme1_mono,1,Dr,Bs,0.0,0.0,0.4485573172569275,1
0008,pop_mixtape_solo_Dr_theme1_mono,1,Dr,Bs,1.0,1.0,1.0303479433059692,1
0008,pop_mixtape_solo_Dr_theme1_mono,1,Dr,Bs,2.0,2.0,0.31855180859565735,1
0008,pop_mixtape_solo_Dr_theme1_mono,1,Dr,Bs,3.0,3.0,0.36904919147491455,1
0008,pop_mixtape_solo_Dr_theme1_mono,2,Dr,Bs,0.0,0.0,1.2760353088378906,1
0008,pop_mixtape_solo_Dr_theme1_mono,2,Dr,Bs,1.0,1.0,0.14301803708076477,1
0008,pop_mixtape_solo_Dr_theme1_mono,2,Dr,Bs,2.0,2.0,0.579988956451416,1
0008,pop_mixtape_solo_Dr_theme1_mono,2,Dr,Bs,3.0,3.0,0.5710981488227844,1
0008,pop_mixtape_solo_Dr_theme1_mono,3,Dr,Bs,0.0,0.0,0.40343546867370605,1
0008,pop_mixtape_solo_Dr_theme1_mono,3,Dr,Bs,1.0,1.0,0.23595905303955078,1
0008,pop_mixtape_solo_Dr_theme1_mono,3,Dr,Bs,2.0,2.0,-0.3421577215194702,0
0009,pop_falldead_solo_Dr_theme1_mono,0,Dr,Vx,0.0,0.0,-0.15322473645210266,0
0009,pop_falldead_solo_Dr_theme1_mono,0,Dr,Vx,1.0,1.0,-0.278973788022995,0
0009,pop_falldead_solo_Dr_theme1_mono,0,Dr,Vx,2.0,2.0,0.2472110390663147,1
0009,pop_falldead_solo_Dr_theme1_mono,1,Dr,Vx,0.0,0.0,-0.6725565791130066,0
0009,pop_falldead_solo_Dr_theme1_mono,1,Dr,Vx,1.0,1.0,-0.5345898270606995,0
0009,pop_falldead_solo_Dr_theme1_mono,1,Dr,Vx,2.0,2.0,-0.9694101810455322,0
0009,pop_falldead_solo_Dr_theme1_mono,2,Dr,Vx,0.0,0.0,1.2106255292892456,1
0009,pop_falldead_solo_Dr_theme1_mono,2,Dr,Vx,1.0,1.0,0.3527146279811859,1
0009,pop_falldead_solo_Dr_theme1_mono,2,Dr,Vx,2.0,2.0,0.6971422433853149,1
0009,pop_falldead_solo_Dr_theme1_mono,3,Dr,Vx,0.0,0.0,-0.11072605848312378,0
0009,pop_falldead_solo_Dr_theme1_mono,3,Dr,Vx,1.0,1.0,-0.482532262802124,0
0009,pop_falldead_solo_Dr_theme1_mono,3,Dr,Vx,2.0,2.0,-0.24416722357273102,0
0009,pop_falldead_solo_Vx_theme1_mono,0,Vx,Dr,0.0,0.0,-0.15777115523815155,0
0009,pop_falldead_solo_Vx_theme1_mono,0,Vx,Dr,2.0,2.0,0.2916436791419983,1
0009,pop_falldead_solo_Vx_theme1_mono,1,Vx,Dr,2.0,2.0,-0.1476053148508072,0
0009,pop_falldead_solo_Vx_theme1_mono,2,Vx,Dr,1.0,1.0,0.7774128317832947,1
0009,pop_falldead_solo_Vx_theme1_mono,3,Vx,Dr,1.0,1.0,-0.0007988214492797852,0
0009,pop_mixtape_solo_Vx_theme2_mono,0,Vx,Dr,0.0,0.0,0.6067856550216675,1
0009,pop_mixtape_solo_Vx_theme2_mono,0,Vx,Dr,3.0,3.0,1.0654478073120117,1
0009,pop_mixtape_solo_Vx_theme2_mono,1,Vx,Dr,1.0,1.0,0.0057969242334365845,1
0009,pop_mixtape_solo_Vx_theme2_mono,1,Vx,Dr,3.0,3.0,0.8549611568450928,1
0009,pop_mixtape_solo_Vx_theme2_mono,2,Vx,Dr,1.0,1.0,0.08830815553665161,1
0009,pop_mixtape_solo_Vx_theme2_mono,2,Vx,Dr,3.0,3.0,-0.2491169273853302,0
0009,pop_mixtape_solo_Vx_theme2_mono,3,Vx,Dr,1.0,1.0,0.7567589282989502,1
